County,County Name,Median Posting Duration from Jan 2023 - Dec 2023,Unique Postings from Jan 2023 - Dec 2023,Median Annual Advertised Salary,Posting Concentration,Online Profiles,Avg. Unique (Jan 2023 - Dec 2023),Avg. Posting Intensity (Jan 2023 - Dec 2023),longitude,latitude
2188,"Northwest Arctic Borough, AK",59,38,"$82,432",0.39,76,3,1 : 1,-159.724644,67.05555844
29129,"Mercer County, MO",59,5,"$86,272",0.54,24,0,1 : 1,-93.56850616,40.42251333
13263,"Talbot County, GA",58,15,Insf. Data,0.40,88,1,3 : 1,-84.53322383,32.69944401
21077,"Gallatin County, KY",58,2,"$46,800",0.08,84,0,1 : 1,-84.85966506,38.7573309
29103,"Knox County, MO",58,1,Insf. Data,0.18,28,0,1 : 1,-92.14789043,40.12754125
22035,"East Carroll Parish, LA",58,9,"$85,376",0.59,20,1,1 : 1,-91.2350757,32.73239582
13253,"Seminole County, GA",56,1,Insf. Data,0.08,55,0,2 : 1,-84.86850436,30.93897842
29223,"Wayne County, MO",55,6,"$127,180",0.31,82,1,1 : 1,-90.46144508,37.11262197
49033,"Rich County, UT",55,8,Insf. Data,0.79,45,1,1 : 1,-111.2445372,41.63204523
28135,"Tallahatchie County, MS",54,10,"$85,467",0.37,27,1,1 : 1,-90.17334129,33.95061391
46003,"Aurora County, SD",54,11,"$68,352",0.79,25,1,3 : 1,-98.56175096,43.7180875
48237,"Jack County, TX",53,10,Insf. Data,0.41,90,1,2 : 1,-98.17283469,33.23377248
48083,"Coleman County, TX",53,12,"$62,080",0.30,80,1,2 : 1,-99.45287706,31.77319682
17169,"Schuyler County, IL",53,29,"$55,314",1.30,60,2,2 : 1,-90.61538755,40.15816304
46071,"Jackson County, SD",53,9,"$44,544",0.46,15,1,1 : 1,-101.6282752,43.69419796
48403,"Sabine County, TX",52,8,"$132,500",0.41,122,1,1 : 1,-93.85288661,31.34269549
46041,"Dewey County, SD",52,8,"$85,248",0.51,39,1,1 : 1,-100.8716993,45.15658384
29203,"Shannon County, MO",52,2,Insf. Data,0.21,35,0,1 : 1,-91.39993659,37.15713986
40063,"Hughes County, OK",51,14,"$35,456",0.40,79,1,3 : 1,-96.25062134,35.04854478
20023,"Cheyenne County, KS",51,7,Insf. Data,1.05,13,1,2 : 1,-101.7318625,39.78580547
47091,"Johnson County, TN",50,8,"$33,152",0.17,113,1,2 : 1,-81.85180572,36.45484107
35037,"Quay County, NM",50,15,"$57,728",0.27,60,1,1 : 1,-103.5493944,35.10459783
56017,"Hot Springs County, WY",50,13,"$78,080",0.23,60,1,2 : 1,-108.4422853,43.71897841
13229,"Pierce County, GA",49,6,"$104,000",0.22,169,1,1 : 1,-82.2134274,31.35837358
13023,"Bleckley County, GA",49,16,"$27,699",0.31,168,1,2 : 1,-83.32769512,32.43444176
29025,"Caldwell County, MO",49,8,"$75,008",0.60,87,1,2 : 1,-93.98309623,39.65668445
12067,"Lafayette County, FL",49,1,"$223,000",0.05,76,0,1 : 1,-83.18086561,29.98555842
8125,"Yuma County, CO",49,11,"$52,992",0.29,71,1,3 : 1,-102.4246098,40.00284508
19107,"Keokuk County, IA",48,34,"$48,768",0.69,105,3,2 : 1,-92.1785067,41.33649833
13197,"Marion County, GA",48,2,Insf. Data,0.09,52,0,2 : 1,-84.52462573,32.35300898
20039,"Decatur County, KS",48,3,"$53,695",0.16,20,0,1 : 1,-100.4593928,39.78469039
49037,"San Juan County, UT",47,154,"$102,656",2.94,135,13,2 : 1,-109.8043936,37.62607487
5075,"Lawrence County, AR",47,14,"$49,416",0.36,121,1,1 : 1,-91.1070497,36.04103952
41063,"Wallowa County, OR",47,16,"$54,016",0.72,111,1,1 : 1,-117.1810198,45.57979758
48391,"Refugio County, TX",47,5,Insf. Data,0.15,86,0,1 : 1,-97.16001089,28.32554745
2016,"Aleutians West Census Area, AK",47,16,"$108,544",0.67,74,1,1 : 1,-110.2449123,52.79430361
28103,"Noxubee County, MS",47,2,"$43,352",0.16,58,0,2 : 1,-88.56962273,33.1101406
46009,"Bon Homme County, SD",47,22,"$53,760",0.41,50,2,2 : 1,-97.88493814,42.98827986
48151,"Fisher County, TX",47,3,Insf. Data,0.26,26,0,1 : 1,-100.4019302,32.74281316
31165,"Sioux County, NE",47,1,"$37,565",0.50,7,0,1 : 1,-103.7588138,42.48797315
21137,"Lincoln County, KY",46,14,Insf. Data,0.17,204,1,2 : 1,-84.66076388,37.45485594
48065,"Carson County, TX",46,36,"$44,544",0.84,74,3,2 : 1,-101.3542669,35.40365929
20163,"Rooks County, KS",46,13,"$33,280",0.91,50,1,2 : 1,-99.3248686,39.35022485
48047,"Brooks County, TX",46,2,"$66,868",0.08,41,0,1 : 1,-98.21866528,27.03154713
29179,"Reynolds County, MO",46,2,Insf. Data,0.15,40,0,1 : 1,-90.96899002,37.36244864
30103,"Treasure County, MT",46,2,"$38,709",2.20,6,0,4 : 1,-107.2718156,46.21135847
51685,"Manassas Park City County, VA",46,1,"$85,661",0.50,0,0,5 : 1,-77.44401094,38.7704423
45027,"Clarendon County, SC",45,20,"$95,488",0.29,302,2,2 : 1,-80.21662078,33.66542745
29157,"Perry County, MO",45,18,"$64,768",0.22,255,2,3 : 1,-89.82456269,37.70718892
5135,"Sharp County, AR",45,16,"$44,290",0.34,182,1,1 : 1,-91.47928351,36.16124847
56011,"Crook County, WY",45,16,"$71,424",0.49,98,1,1 : 1,-104.5703226,44.58843934
5129,"Searcy County, AR",45,15,Insf. Data,0.75,53,1,1 : 1,-92.69933958,35.91115674
5095,"Monroe County, AR",45,22,Insf. Data,0.74,37,2,1 : 1,-91.20394825,34.67772323
13301,"Warren County, GA",45,14,"$195,000",0.42,36,1,2 : 1,-82.67696672,33.40868082
38075,"Renville County, ND",45,12,"$54,784",0.68,19,1,2 : 1,-101.6577138,48.71910481
48431,"Sterling County, TX",45,4,Insf. Data,0.48,14,0,1 : 1,-101.0500746,31.82781912
20083,"Hodgeman County, KS",45,2,Insf. Data,0.11,11,0,2 : 1,-99.89821264,38.08784693
27091,"Martin County, MN",44,127,"$66,816",1.25,283,11,2 : 1,-94.55099667,43.67430059
19083,"Hardin County, IA",44,47,"$73,088",0.46,185,4,1 : 1,-93.24040527,42.38393029
30027,"Fergus County, MT",44,17,"$51,200",0.25,139,1,2 : 1,-109.224376,47.2633104
38081,"Sargent County, ND",44,56,"$81,152",2.22,108,5,2 : 1,-97.63059676,46.1078458
31013,"Box Butte County, NE",44,31,"$65,408",0.42,94,3,2 : 1,-103.0860173,42.22084585
22025,"Catahoula Parish, LA",44,9,"$80,454",0.53,59,1,1 : 1,-91.84692484,31.66623485
20157,"Republic County, KS",44,20,Insf. Data,0.82,55,2,2 : 1,-97.65034285,39.8279368
21131,"Leslie County, KY",44,3,Insf. Data,0.19,39,0,2 : 1,-83.38100797,37.0939886
38069,"Pierce County, ND",44,21,"$87,936",0.94,20,2,1 : 1,-99.97174953,48.24958064
48341,"Moore County, TX",43,31,"$59,904",0.24,182,3,1 : 1,-101.8930281,35.83769242
48123,"DeWitt County, TX",43,26,"$54,527",0.39,173,2,2 : 1,-97.35694033,29.08147376
22043,"Grant Parish, LA",43,18,"$62,976",0.42,166,2,1 : 1,-92.55919242,31.59947973
47151,"Scott County, TN",43,82,"$97,536",1.02,150,7,1 : 1,-84.50369331,36.42885328
26039,"Crawford County, MI",43,26,"$46,592",0.26,143,2,1 : 1,-84.61024859,44.68323123
13235,"Pulaski County, GA",43,11,"$30,160",0.20,94,1,2 : 1,-83.47580638,32.23213302
5065,"Izard County, AR",43,5,"$47,500",0.15,87,0,1 : 1,-91.91279069,36.09526565
5017,"Chicot County, AR",43,30,Insf. Data,0.89,66,3,1 : 1,-91.29365079,33.2673446
5117,"Prairie County, AR",43,22,"$34,710",0.64,50,2,1 : 1,-91.55194184,34.83010091
48017,"Bailey County, TX",43,1,Insf. Data,0.04,41,0,1 : 1,-102.8298267,34.06860316
46123,"Tripp County, SD",43,10,"$44,544",0.39,22,1,1 : 1,-99.88408568,43.34592545
31057,"Dundy County, NE",43,4,Insf. Data,0.59,14,0,1 : 1,-101.6878043,40.17625316
48263,"Kent County, TX",43,6,Insf. Data,0.96,9,1,2 : 1,-100.7780898,33.18104889
55137,"Waushara County, WI",42,18,"$68,640",0.40,256,2,2 : 1,-89.24316913,44.11328215
20005,"Atchison County, KS",42,57,"$54,912",0.32,252,5,2 : 1,-95.31456305,39.53158751
28077,"Lawrence County, MS",42,41,"$61,696",1.60,123,3,2 : 1,-90.10693379,31.54996744
19063,"Emmet County, IA",42,21,"$62,976",0.23,120,2,1 : 1,-94.67861391,43.37782281
48093,"Comanche County, TX",42,261,"$69,888",2.04,117,22,1 : 1,-98.55874953,31.94854859
27033,"Cottonwood County, MN",42,8,"$76,440",0.18,113,1,1 : 1,-95.18136404,44.00720878
5011,"Bradley County, AR",42,16,"$29,640",0.49,80,1,1 : 1,-92.16229542,33.46613806
5109,"Pike County, AR",42,12,Insf. Data,0.46,74,1,1 : 1,-93.65621,34.16356461
21169,"Metcalfe County, KY",42,18,"$40,531",0.98,55,2,1 : 1,-85.62919821,36.99052063
19173,"Taylor County, IA",42,14,"$46,592",0.27,50,1,2 : 1,-94.69599224,40.73748072
40059,"Harper County, OK",42,18,"$38,000",1.08,29,2,2 : 1,-99.66696611,36.78871253
6003,"Alpine County, CA",42,3,"$51,251",0.22,21,0,1 : 1,-119.8206263,38.59721624
13265,"Taliaferro County, GA",42,1,Insf. Data,0.20,11,0,1 : 1,-82.87900052,33.566347
38047,"Logan County, ND",42,7,"$54,016",1.22,8,1,2 : 1,-99.47712748,46.45733694
41061,"Union County, OR",41,108,"$71,936",0.69,445,9,1 : 1,-118.0093556,45.31039084
17067,"Hancock County, IL",41,46,"$104,832",0.42,216,4,1 : 1,-91.16472529,40.40370799
18149,"Starke County, IN",41,36,"$38,528",0.40,202,3,1 : 1,-86.6477887,41.28077022
48159,"Franklin County, TX",41,161,"$90,000",3.08,135,13,1 : 1,-95.21903806,33.17532732
48343,"Morris County, TX",41,47,"$75,008",0.69,125,4,1 : 1,-94.73282508,33.11284956
47039,"Decatur County, TN",41,4,"$71,500",0.27,117,0,1 : 1,-88.10830091,35.60350601
30003,"Big Horn County, MT",41,18,"$47,616",0.34,81,2,2 : 1,-107.4892228,45.42332459
46102,"Oglala Lakota County, SD",41,15,"$51,200",0.42,68,1,2 : 1,#N/A,#N/A
38045,"LaMoure County, ND",41,8,"$80,896",0.44,35,1,1 : 1,-98.53552136,46.45686514
46111,"Sanborn County, SD",41,9,"$48,640",0.71,22,1,2 : 1,-98.09105658,44.02345807
38039,"Griggs County, ND",41,3,Insf. Data,0.43,17,0,1 : 1,-98.23703207,47.4570984
35011,"De Baca County, NM",41,2,"$46,800",0.43,13,0,1 : 1,-104.4120813,34.34266
56033,"Sheridan County, WY",40,218,"$68,352",0.66,836,18,2 : 1,-106.8799546,44.79068012
48171,"Gillespie County, TX",40,41,"$150,016",0.36,359,3,2 : 1,-98.94676915,30.31824095
40135,"Sequoyah County, OK",40,23,"$62,208",0.20,318,2,1 : 1,-94.75507825,35.49549888
47171,"Unicoi County, TN",40,104,"$90,624",1.35,262,9,2 : 1,-82.43228458,36.11077416
55047,"Green Lake County, WI",40,26,"$48,640",0.39,250,2,1 : 1,-89.04505121,43.80037233
48287,"Lee County, TX",40,250,"$107,264",1.38,245,21,1 : 1,-96.96605425,30.31077667
55065,"Lafayette County, WI",40,28,"$54,784",0.45,225,2,2 : 1,-90.13189524,42.66021077
13081,"Crisp County, GA",40,27,"$51,072",0.35,170,2,1 : 1,-83.76727919,31.92287244
31081,"Hamilton County, NE",40,24,"$72,960",0.42,130,2,1 : 1,-98.02280046,40.87318318
56015,"Goshen County, WY",40,21,"$51,200",0.27,108,2,1 : 1,-104.353338,42.08772579
46051,"Grant County, SD",40,15,"$68,352",0.46,97,1,2 : 1,-96.76789112,45.17218979
19177,"Van Buren County, IA",40,14,"$87,500",0.46,80,1,2 : 1,-91.95043301,40.75308722
20123,"Mitchell County, KS",40,39,"$80,128",1.40,76,3,2 : 1,-98.20900663,39.39334518
13273,"Terrell County, GA",40,7,"$31,200",0.51,74,1,1 : 1,-84.43693855,31.77710794
29173,"Ralls County, MO",40,8,"$60,715",0.31,65,1,2 : 1,-91.52194283,39.5275593
27073,"Lac qui Parle County, MN",40,20,"$108,800",0.77,60,2,1 : 1,-96.1738058,44.99583443
48243,"Jeff Davis County, TX",40,2,"$88,000",0.26,50,0,1 : 1,-104.1401726,30.71489092
29005,"Atchison County, MO",40,8,"$45,760",0.37,48,1,4 : 1,-95.42832663,40.430839
5077,"Lee County, AR",40,35,"$64,000",0.91,47,3,1 : 1,-90.78211015,34.78064921
39107,"Mercer County, OH",39,134,"$52,992",0.41,759,11,2 : 1,-84.62929783,40.54030771
48223,"Hopkins County, TX",39,40,"$70,912",0.22,477,3,1 : 1,-95.56432257,33.14945662
48179,"Gray County, TX",39,54,"$55,552",0.73,285,5,2 : 1,-100.8129222,35.40081878
22083,"Richland Parish, LA",39,38,"$84,352",0.51,199,3,2 : 1,-91.76336368,32.41758531
21203,"Rockcastle County, KY",39,15,"$57,216",0.21,100,1,1 : 1,-84.31621513,37.36491193
17101,"Lawrence County, IL",39,21,"$140,032",0.48,97,2,2 : 1,-87.72698819,38.72048612
22123,"West Carroll Parish, LA",39,19,"$50,176",0.67,76,2,2 : 1,-91.45664676,32.78885847
47127,"Moore County, TN",39,9,"$46,674",0.26,75,1,2 : 1,-86.35914773,35.28548298
13049,"Charlton County, GA",39,12,"$46,336",0.24,68,1,2 : 1,-82.13757286,30.7815722
38021,"Dickey County, ND",39,27,"$52,480",0.60,51,2,1 : 1,-98.50488391,46.11017237
37013,"Beaufort County, NC",38,141,"$71,424",0.81,"1,371",12,2 : 1,-76.85887749,35.49296573
22061,"Lincoln Parish, LA",38,152,"$77,568",0.50,"1,141",13,2 : 1,-92.66473671,32.60149394
27009,"Benton County, MN",38,218,"$68,480",0.49,589,18,2 : 1,-93.9984359,45.69827623
50015,"Lamoille County, VT",38,72,"$47,616",0.34,573,6,2 : 1,-72.641331,44.60594136
5005,"Baxter County, AR",38,71,"$92,928",0.37,499,6,1 : 1,-92.33686558,36.28715062
46027,"Clay County, SD",38,89,"$61,568",0.49,435,7,2 : 1,-96.97560307,42.91461976
5063,"Independence County, AR",38,104,"$87,424",0.48,435,9,1 : 1,-91.56991638,35.74143554
55057,"Juneau County, WI",38,64,"$84,000",0.54,326,5,2 : 1,-90.11372082,43.92432055
26009,"Antrim County, MI",38,29,"$41,472",0.42,292,2,1 : 1,-85.14135875,44.99904124
48419,"Shelby County, TX",38,323,"$82,304",0.75,231,27,1 : 1,-94.14557404,31.79223785
48035,"Bosque County, TX",38,122,"$93,440",1.00,214,10,1 : 1,-97.63435711,31.90035901
2150,"Kodiak Island Borough, AK",38,77,"$81,792",0.42,211,6,2 : 1,-153.7750279,57.66653702
2185,"North Slope Borough, AK",38,146,"$60,416",0.78,208,12,2 : 1,-153.4702536,69.31507516
28079,"Leake County, MS",38,8,"$45,479",0.14,170,1,1 : 1,-89.52402041,32.7536828
22029,"Concordia Parish, LA",38,21,"$111,616",0.30,161,2,1 : 1,-91.63992436,31.44577009
48455,"Trinity County, TX",38,30,"$129,792",0.59,145,3,1 : 1,-95.13547749,31.08828397
30057,"Madison County, MT",38,17,"$46,336",0.40,110,1,2 : 1,-111.9213142,45.30105558
17017,"Cass County, IL",38,29,"$43,520",0.39,108,2,1 : 1,-90.24761202,39.97376092
38079,"Rolette County, ND",38,24,"$51,200",0.70,96,2,2 : 1,-99.84096449,48.77247566
27051,"Grant County, MN",38,11,Insf. Data,0.68,83,1,1 : 1,-96.01216405,45.93402352
20027,"Clay County, KS",38,13,Insf. Data,0.47,80,1,2 : 1,-97.16512523,39.34944765
31051,"Dixon County, NE",38,38,"$49,920",0.62,65,3,2 : 1,-96.86826909,42.49349461
48207,"Haskell County, TX",38,36,"$107,264",1.25,44,3,1 : 1,-99.73037359,33.17823584
48461,"Upton County, TX",38,22,"$67,652",0.70,41,2,2 : 1,-102.0428877,31.36864453
20171,"Scott County, KS",38,4,Insf. Data,0.28,39,0,1 : 1,-100.9066618,38.48220778
38043,"Kidder County, ND",38,8,"$47,616",0.88,34,1,1 : 1,-99.78013842,46.98013909
38083,"Sheridan County, ND",38,1,Insf. Data,0.11,10,0,1 : 1,-100.3455585,47.5754264
33003,"Carroll County, NH",37,100,"$41,600",0.23,"1,003",8,1 : 1,-71.20268868,43.87378859
50011,"Franklin County, VT",37,215,"$55,552",0.58,741,18,2 : 1,-72.9120833,44.85745972
42117,"Tioga County, PA",37,148,"$77,568",0.65,728,12,1 : 1,-77.25438714,41.77283534
26047,"Emmet County, MI",37,70,"$68,864",0.22,636,6,2 : 1,-84.89116957,45.51996676
25007,"Dukes County, MA",37,23,"$37,532",0.16,311,2,1 : 1,-70.65382633,41.39790643
48365,"Panola County, TX",37,32,"$51,968",0.23,285,3,2 : 1,-94.30558387,32.16239924
19189,"Winnebago County, IA",37,41,"$110,848",0.62,236,3,1 : 1,-93.73407175,43.3775066
55119,"Taylor County, WI",37,38,"$67,968",0.80,231,3,3 : 1,-90.50164471,45.21158608
22111,"Union Parish, LA",37,49,"$56,320",0.60,215,4,2 : 1,-92.3748342,32.83186286
47071,"Hardin County, TN",37,22,Insf. Data,0.35,214,2,2 : 1,-88.1845967,35.19856007
47159,"Smith County, TN",37,29,"$62,208",0.23,212,2,2 : 1,-85.95654414,36.25023609
19085,"Harrison County, IA",37,26,"$48,256",0.22,186,2,2 : 1,-95.81703481,41.68336174
28139,"Tippah County, MS",37,12,Insf. Data,0.18,156,1,1 : 1,-88.90883067,34.76830318
47049,"Fentress County, TN",37,2,Insf. Data,0.08,147,0,2 : 1,-84.9326155,36.3805182
37079,"Greene County, NC",37,17,"$86,272",0.36,119,1,2 : 1,-77.67650726,35.48563343
29137,"Monroe County, MO",37,15,"$54,272",0.55,111,1,1 : 1,-92.00087572,39.49588453
5137,"Stone County, AR",37,17,"$34,466",0.60,101,1,1 : 1,-92.15689859,35.86003074
21023,"Bracken County, KY",37,17,"$137,728",1.22,100,1,1 : 1,-84.08972896,38.68873502
22027,"Claiborne Parish, LA",37,24,"$85,248",0.43,98,2,2 : 1,-92.99565971,32.82277025
19161,"Sac County, IA",37,10,"$55,265",0.23,85,1,2 : 1,-95.10547892,42.38624071
2195,"Petersburg Borough, AK",37,25,"$78,080",1.08,78,2,1 : 1,-132.9333517,57.11988808
48115,"Dawson County, TX",37,9,"$76,689",0.26,61,1,1 : 1,-101.9477242,32.74255572
48507,"Zavala County, TX",37,16,"$106,665",0.48,46,1,1 : 1,-99.76049166,28.86623446
5013,"Calhoun County, AR",37,45,"$58,240",2.57,46,4,2 : 1,-92.50253376,33.55786388
55078,"Menominee County, WI",37,2,Insf. Data,0.17,46,0,1 : 1,-88.70957298,45.00428348
31003,"Antelope County, NE",37,16,"$48,384",0.81,43,1,2 : 1,-98.06660249,42.17696571
48009,"Archer County, TX",37,5,"$92,416",0.17,43,0,1 : 1,-98.68754589,33.61569967
48305,"Lynn County, TX",37,9,"$100,000",0.38,39,1,1 : 1,-101.8162849,33.17657705
41055,"Sherman County, OR",37,11,"$77,085",0.62,38,1,2 : 1,-120.6892687,45.4052255
27155,"Traverse County, MN",37,3,"$66,949",0.31,23,0,1 : 1,-96.47144652,45.77230328
20093,"Kearny County, KS",37,8,"$33,280",0.45,19,1,1 : 1,-101.3203923,38.00024973
48261,"Kenedy County, TX",37,13,"$38,480",2.39,6,1,2 : 1,-97.69810806,26.92975017
28105,"Oktibbeha County, MS",36,212,"$79,744",0.75,"2,028",18,1 : 1,-88.8794268,33.42493738
19167,"Sioux County, IA",36,305,"$70,912",0.69,541,25,2 : 1,-96.17809424,43.08294203
53039,"Klickitat County, WA",36,82,"$78,592",0.96,535,7,1 : 1,-120.7895031,45.87361546
39015,"Brown County, OH",36,32,"$75,136",0.21,502,3,1 : 1,-83.86741596,38.93410315
21021,"Boyle County, KY",36,81,"$67,968",0.21,476,7,2 : 1,-84.86612061,37.62427782
47045,"Dyer County, TN",36,117,"$64,000",0.49,473,10,2 : 1,-89.4139363,36.05918296
19059,"Dickinson County, IA",36,74,"$61,056",0.44,333,6,2 : 1,-95.15099401,43.37782493
46079,"Lake County, SD",36,92,"$65,920",0.70,324,8,2 : 1,-97.12926365,44.02193107
26011,"Arenac County, MI",36,23,"$69,888",0.35,187,2,1 : 1,-83.89498203,44.0651223
27129,"Renville County, MN",36,32,"$60,928",0.43,187,3,1 : 1,-94.94679511,44.72672673
12027,"DeSoto County, FL",36,62,"$48,768",0.31,178,5,2 : 1,-81.80959835,27.18691656
48353,"Nolan County, TX",36,69,"$75,136",0.31,178,6,2 : 1,-100.4060382,32.30390399
37143,"Perquimans County, NC",36,22,"$64,384",0.47,159,2,1 : 1,-76.4395049,36.20508496
51133,"Northumberland County, VA",36,2,"$33,696",0.11,159,0,1 : 1,-76.41950915,37.8876167
5057,"Hempstead County, AR",36,35,"$89,472",0.46,147,3,1 : 1,-93.66809039,33.73564268
27173,"Yellow Medicine County, MN",36,15,"$72,448",0.35,129,1,2 : 1,-95.86888348,44.71626059
28027,"Coahoma County, MS",36,29,"$85,248",0.41,128,2,1 : 1,-90.60273114,34.22906962
21069,"Fleming County, KY",36,5,"$49,152",0.11,126,0,2 : 1,-83.69658812,38.37035302
37005,"Alleghany County, NC",36,5,"$51,359",0.12,122,0,2 : 1,-81.1277104,36.49135989
19117,"Lucas County, IA",36,25,"$64,128",0.27,104,2,2 : 1,-93.32780803,41.02958964
5041,"Desha County, AR",36,47,"$111,872",0.98,95,4,1 : 1,-91.2539449,33.83346926
17079,"Jasper County, IL",36,8,"$60,000",0.38,86,1,2 : 1,-88.15377894,39.01061641
12047,"Hamilton County, FL",36,53,"$41,600",1.06,85,4,2 : 1,-82.94763284,30.49612932
46067,"Hutchinson County, SD",36,35,"$53,760",0.65,67,3,2 : 1,-97.75456287,43.33466314
40141,"Tillman County, OK",36,7,"$71,534",0.27,66,1,2 : 1,-98.92460698,34.37312737
12077,"Liberty County, FL",36,16,"$44,800",0.49,63,1,2 : 1,-84.88318825,30.24145856
29079,"Grundy County, MO",36,13,"$67,840",0.35,61,1,2 : 1,-93.56516333,40.1140924
38049,"McHenry County, ND",36,12,"$47,840",0.47,52,1,1 : 1,-100.6362783,48.23439818
48311,"McMullen County, TX",36,17,"$94,500",1.81,21,1,1 : 1,-98.567849,28.35261097
38007,"Billings County, ND",36,14,"$39,936",1.16,7,1,1 : 1,-103.3762965,47.02366884
2282,"Yakutat Borough, AK",36,10,"$41,472",1.71,0,1,1 : 1,-140.349186,59.88824845
51830,"Williamsburg City County, VA",35,90,"$70,016",0.52,"3,801",8,2 : 1,-76.70721344,37.26927809
55117,"Sheboygan County, WI",35,791,"$85,376",0.72,"3,751",66,2 : 1,-87.94566398,43.72108736
37045,"Cleveland County, NC",35,413,"$90,496",0.52,"1,697",34,2 : 1,-81.55570623,35.33410942
48005,"Angelina County, TX",35,209,"$62,592",0.49,"1,249",17,2 : 1,-94.61100866,31.25457834
19101,"Jefferson County, IA",35,61,"$64,384",0.79,908,5,2 : 1,-91.94862204,41.03165465
39147,"Seneca County, OH",35,183,"$69,888",0.39,849,15,2 : 1,-83.12759613,41.12378254
4007,"Gila County, AZ",35,242,"$81,280",0.56,750,20,2 : 1,-110.8119677,33.79996932
19127,"Marshall County, IA",35,218,"$66,816",0.54,731,18,2 : 1,-92.9990819,42.03586837
16069,"Nez Perce County, ID",35,302,"$90,496",0.71,693,25,2 : 1,-116.7498104,46.32729495
27067,"Kandiyohi County, MN",35,94,"$64,640",0.31,679,8,2 : 1,-95.00576302,45.15252304
5009,"Boone County, AR",35,51,"$60,160",0.29,595,4,2 : 1,-93.09137415,36.30874792
20051,"Ellis County, KS",35,88,"$57,216",0.32,589,7,2 : 1,-99.31751551,38.91458712
48149,"Fayette County, TX",35,34,"$80,128",0.30,585,3,1 : 1,-96.91986981,29.87663549
37053,"Currituck County, NC",35,30,"$49,280",0.19,583,3,2 : 1,-76.00390334,36.40311519
37061,"Duplin County, NC",35,63,"$47,232",0.24,422,5,2 : 1,-77.93295681,34.93627171
26109,"Menominee County, MI",35,59,"$72,960",0.45,362,5,2 : 1,-87.55660994,45.58036988
53003,"Asotin County, WA",35,59,"$92,416",0.64,321,5,2 : 1,-117.2027907,46.19177089
56023,"Lincoln County, WY",35,94,"$59,392",0.73,311,8,3 : 1,-110.656067,42.26409375
21217,"Taylor County, KY",35,30,"$52,608",0.29,284,3,1 : 1,-85.32791474,37.36660665
8007,"Archuleta County, CO",35,23,"$64,000",0.37,279,2,2 : 1,-107.0481757,37.19365584
5023,"Cleburne County, AR",35,25,"$72,960",0.38,275,2,2 : 1,-92.02725586,35.53853919
29209,"Stone County, MO",35,36,"$122,752",0.31,263,3,1 : 1,-93.45602697,36.74710976
29177,"Ray County, MO",35,33,"$53,632",0.31,252,3,2 : 1,-93.98990821,39.35287295
21017,"Bourbon County, KY",35,47,"$75,008",0.25,221,4,4 : 1,-84.21645396,38.20656118
5083,"Logan County, AR",35,26,"$28,585",0.29,219,2,2 : 1,-93.71630518,35.21550403
19041,"Clay County, IA",35,47,"$65,792",0.28,216,4,2 : 1,-95.15096481,43.08247182
1133,"Winston County, AL",35,69,"$53,760",0.66,203,6,1 : 1,-87.37341176,34.14959585
17057,"Fulton County, IL",35,78,"$62,208",0.37,197,7,2 : 1,-90.20749434,40.47248529
13171,"Lamar County, GA",35,25,"$51,072",0.24,191,2,1 : 1,-84.13960587,33.07619286
13131,"Grady County, GA",35,77,"$36,352",0.71,186,6,2 : 1,-84.23475065,30.87476853
29141,"Morgan County, MO",35,6,"$28,080",0.10,181,1,2 : 1,-92.88597122,38.42350791
8113,"San Miguel County, CO",35,19,"$61,952",0.27,169,2,2 : 1,-108.405806,38.00399367
19197,"Wright County, IA",35,49,"$46,208",0.64,165,4,13 : 1,-93.73515113,42.73305373
20175,"Seward County, KS",35,28,"$46,080",0.18,163,2,2 : 1,-100.850601,37.19327656
55107,"Rusk County, WI",35,16,"$37,376",0.58,160,1,1 : 1,-91.1333376,45.47489408
48063,"Camp County, TX",35,52,"$103,296",0.67,158,4,1 : 1,-94.97868645,32.97374349
16021,"Boundary County, ID",35,17,"$49,920",0.49,156,1,1 : 1,-116.4627525,48.766998
37041,"Chowan County, NC",35,12,"$74,496",0.16,156,1,2 : 1,-76.60802425,36.14854015
32033,"White Pine County, NV",35,83,"$67,456",0.92,155,7,2 : 1,-114.9015438,39.44238145
29003,"Andrew County, MO",35,17,"$54,784",0.28,154,1,1 : 1,-94.80140498,39.98335111
55023,"Crawford County, WI",35,44,"$67,840",0.77,154,4,2 : 1,-90.93068567,43.23966087
17051,"Fayette County, IL",35,11,"$48,321",0.18,136,1,1 : 1,-89.02441763,39.0000587
29139,"Montgomery County, MO",35,41,"$77,568",0.52,127,3,2 : 1,-91.47020839,38.94128519
37103,"Jones County, NC",35,11,"$69,862",0.17,110,1,2 : 1,-77.35562096,35.02185042
5121,"Randolph County, AR",35,19,Insf. Data,0.42,110,2,1 : 1,-91.02752205,36.34154412
45009,"Bamberg County, SC",35,29,"$45,312",0.42,106,2,1 : 1,-81.05432857,33.21508217
46125,"Turner County, SD",35,56,"$56,064",0.56,103,5,2 : 1,-97.14865776,43.3109081
8099,"Prowers County, CO",35,22,"$93,440",0.29,93,2,2 : 1,-102.3932762,37.95519022
40061,"Haskell County, OK",35,3,"$150,000",0.09,92,0,1 : 1,-95.11606392,35.22501645
19039,"Clarke County, IA",35,109,"$67,328",0.60,87,9,2 : 1,-93.78516215,41.02892087
22081,"Red River Parish, LA",35,35,"$60,416",0.80,80,3,2 : 1,-93.33992874,32.09302665
19053,"Decatur County, IA",35,8,"$19,240",0.18,71,1,1 : 1,-93.78630885,40.73762219
21147,"McCreary County, KY",35,7,"$75,520",0.22,67,1,2 : 1,-84.48377645,36.73699245
5039,"Dallas County, AR",35,30,"$58,240",0.71,51,3,1 : 1,-92.65420664,33.96953994
29111,"Lewis County, MO",35,16,"$89,856",0.41,43,1,1 : 1,-91.72178943,40.09673548
17171,"Scott County, IL",35,16,Insf. Data,1.87,36,1,2 : 1,-90.47455118,39.64403604
31161,"Sheridan County, NE",35,4,Insf. Data,0.21,36,0,1 : 1,-102.4088866,42.50454159
21129,"Lee County, KY",35,6,"$65,684",0.28,32,1,1 : 1,-83.71573518,37.59456493
20019,"Chautauqua County, KS",35,2,Insf. Data,0.23,27,0,2 : 1,-96.24531969,37.14997344
31015,"Boyd County, NE",35,6,"$56,160",0.89,18,1,1 : 1,-98.76608585,42.89966872
1069,"Houston County, AL",34,480,"$59,520",0.52,"1,878",40,2 : 1,-85.30251402,31.15295179
36015,"Chemung County, NY",34,210,"$80,128",0.49,"1,875",18,2 : 1,-76.75989461,42.14122122
42039,"Crawford County, PA",34,185,"$66,304",0.68,"1,269",15,1 : 1,-80.10676906,41.68442887
8037,"Eagle County, CO",34,215,"$66,304",0.28,"1,110",18,2 : 1,-106.6953848,39.62801893
19057,"Des Moines County, IA",34,173,"$88,832",0.40,718,14,2 : 1,-91.18142629,40.92294179
40051,"Grady County, OK",34,65,"$60,288",0.22,704,5,3 : 1,-97.88360671,35.01633237
17109,"McDonough County, IL",34,71,"$45,568",0.34,673,6,2 : 1,-90.67775541,40.45674722
45021,"Cherokee County, SC",34,66,"$84,352",0.21,657,6,2 : 1,-81.62012099,35.04837373
23025,"Somerset County, ME",34,77,"$73,472",0.38,641,6,2 : 1,-69.95882156,45.51360259
1031,"Coffee County, AL",34,72,"$63,232",0.29,626,6,1 : 1,-85.98828821,31.40188396
48097,"Cooke County, TX",34,126,"$83,328",0.46,608,11,1 : 1,-97.21276751,33.63940669
22101,"St. Mary Parish, LA",34,113,"$81,280",0.47,579,9,2 : 1,-91.44469375,29.70500764
6103,"Tehama County, CA",34,105,"$82,688",0.38,572,9,2 : 1,-122.2338547,40.12559985
48055,"Caldwell County, TX",34,67,"$88,448",0.29,532,6,2 : 1,-97.61976797,29.83714515
51520,"Bristol City County, VA",34,61,"$86,784",0.25,515,5,1 : 1,-82.1590697,36.61826378
55069,"Lincoln County, WI",34,86,"$90,368",0.98,500,7,1 : 1,-89.73474025,45.33724242
1123,"Tallapoosa County, AL",34,172,"$78,208",0.54,494,14,2 : 1,-85.79746538,32.86280802
18017,"Cass County, IN",34,45,"$67,456",0.30,476,4,3 : 1,-86.34620721,40.76165964
47019,"Carter County, TN",34,25,"$63,488",0.18,473,2,1 : 1,-82.12769739,36.29228876
35017,"Grant County, NM",34,177,"$73,984",0.73,463,15,3 : 1,-108.3823282,32.73885662
48019,"Bandera County, TX",34,102,"$43,392",1.14,413,9,1 : 1,-99.24640517,29.74699689
56041,"Uinta County, WY",34,87,"$83,328",0.58,408,7,2 : 1,-110.5474049,41.28749663
39161,"Van Wert County, OH",34,165,"$77,696",0.57,384,14,1 : 1,-84.58607604,40.8555416
40115,"Ottawa County, OK",34,38,"$57,472",0.31,312,3,2 : 1,-94.81058917,36.83587796
8049,"Grand County, CO",34,65,"$70,400",0.26,311,5,3 : 1,-106.1184564,40.10246658
17055,"Franklin County, IL",34,56,"$73,088",0.40,305,5,3 : 1,-88.9239703,37.99202257
35047,"San Miguel County, NM",34,75,"$66,944",0.43,293,6,1 : 1,-104.8156292,35.48004639
26133,"Osceola County, MI",34,33,"$73,984",0.54,292,3,1 : 1,-85.32556471,43.98998373
16075,"Payette County, ID",34,75,"$44,672",0.42,290,6,2 : 1,-116.7604309,44.00714137
19027,"Carroll County, IA",34,51,"$40,064",0.31,264,4,2 : 1,-94.86032705,42.03617207
37011,"Avery County, NC",34,39,"$96,128",0.37,245,3,1 : 1,-81.92267092,36.07667708
39001,"Adams County, OH",34,53,"$78,592",0.78,245,4,2 : 1,-83.47239908,38.84544021
36049,"Lewis County, NY",34,17,"$90,000",0.34,243,1,1 : 1,-75.44886742,43.78465035
39019,"Carroll County, OH",34,23,"$75,000",0.38,239,2,1 : 1,-81.08973346,40.579572
48177,"Gonzales County, TX",34,16,"$56,832",0.22,231,1,1 : 1,-97.49248742,29.45652075
37123,"Montgomery County, NC",34,55,"$49,920",0.39,230,5,2 : 1,-79.90576665,35.3323375
18015,"Carroll County, IN",34,67,"$77,056",0.57,225,6,2 : 1,-86.5635188,40.58306044
51169,"Scott County, VA",34,43,"$59,008",0.47,223,4,1 : 1,-82.60311478,36.7143081
29073,"Gasconade County, MO",34,15,"$91,520",0.35,217,1,2 : 1,-91.50783063,38.44075158
12123,"Taylor County, FL",34,52,"$58,496",0.48,215,4,2 : 1,-83.60328684,30.04712958
1129,"Washington County, AL",34,267,"$100,224",1.99,200,22,2 : 1,-88.20819419,31.40759248
49027,"Millard County, UT",34,45,"$89,344",0.89,195,4,2 : 1,-113.1003083,39.07403971
27149,"Stevens County, MN",34,79,"$57,984",0.91,193,7,2 : 1,-96.00022786,45.58615985
37121,"Mitchell County, NC",34,119,"$88,320",1.15,176,10,2 : 1,-82.16391398,36.01324162
31127,"Nemaha County, NE",34,30,"$82,176",0.59,163,3,2 : 1,-95.84990553,40.38784773
29065,"Dent County, MO",34,104,"$70,528",1.42,161,9,1 : 1,-91.50772249,37.60643508
17125,"Mason County, IL",34,30,"$60,160",0.32,158,3,2 : 1,-89.91665526,40.23934407
5111,"Poinsett County, AR",34,64,"$35,456",0.66,157,5,2 : 1,-90.66282507,35.57408383
27153,"Todd County, MN",34,13,"$74,240",0.28,149,1,1 : 1,-94.89728962,46.07014445
56019,"Johnson County, WY",34,33,"$54,528",0.72,148,3,2 : 1,-106.5849297,44.03996832
30001,"Beaverhead County, MT",34,40,"$54,784",0.53,144,3,1 : 1,-112.899016,45.13261641
47075,"Haywood County, TN",34,96,"$87,296",0.97,125,8,1 : 1,-89.28418692,35.58313405
51105,"Lee County, VA",34,10,"$58,112",0.14,115,1,2 : 1,-83.12815503,36.70548431
21099,"Hart County, KY",34,24,"$44,720",0.34,112,2,2 : 1,-85.88446619,37.29970852
31145,"Red Willow County, NE",34,37,"$73,984",0.56,90,3,2 : 1,-100.477247,40.17604429
40151,"Woods County, OK",34,9,"$41,472",0.23,83,1,1 : 1,-98.86351819,36.76674112
18115,"Ohio County, IN",34,7,"$89,400",0.20,77,1,4 : 1,-84.96502468,38.94996711
31037,"Colfax County, NE",34,27,"$62,208",0.49,66,2,3 : 1,-97.086359,41.57404386
51049,"Cumberland County, VA",34,10,"$49,920",0.44,64,1,1 : 1,-78.24455011,37.51182231
2068,"Denali Borough, AK",34,32,"$100,736",0.69,63,3,1 : 1,-150.0094238,63.67343339
27081,"Lincoln County, MN",34,3,"$55,000",0.13,57,0,1 : 1,-96.26720134,44.4123209
13079,"Crawford County, GA",34,3,"$37,502",0.13,56,0,2 : 1,-83.98612506,32.71431882
27125,"Red Lake County, MN",34,1,Insf. Data,0.12,43,0,2 : 1,-96.09561104,47.87197525
48369,"Parmer County, TX",34,17,"$55,120",0.52,40,1,1 : 1,-102.7844494,34.52993922
35033,"Mora County, NM",34,3,"$65,684",0.39,37,0,1 : 1,-104.944561,36.00972846
20141,"Osborne County, KS",34,9,"$87,000",0.66,23,1,2 : 1,-98.76753828,39.3503437
8115,"Sedgwick County, CO",34,4,"$37,440",0.28,21,0,2 : 1,-102.3519638,40.87598057
48095,"Concho County, TX",34,5,"$61,928",0.15,18,0,1 : 1,-99.86428507,31.32686635
38091,"Steele County, ND",34,5,"$79,000",0.64,17,0,2 : 1,-97.72479507,47.45618207
46031,"Corson County, SD",34,7,"$64,512",0.86,13,1,1 : 1,-101.1967817,45.7085132
48413,"Schleicher County, TX",34,4,"$140,922",0.94,11,0,1 : 1,-100.5384877,30.89734895
48327,"Menard County, TX",34,2,Insf. Data,0.29,10,0,2 : 1,-99.8204794,30.88990665
10001,"Kent County, DE",33,"4,087","$124,288",2.03,"4,309",341,1 : 1,-75.56844621,39.08639126
55035,"Eau Claire County, WI",33,414,"$73,088",0.48,"4,169",35,2 : 1,-91.28609183,44.726614
37035,"Catawba County, NC",33,"1,505","$73,088",0.70,"3,776",125,1 : 1,-81.21481079,35.66260115
33009,"Grafton County, NH",33,"1,175","$81,152",0.53,"3,657",98,3 : 1,-71.82064764,43.94073661
26147,"St. Clair County, MI",33,438,"$68,992",0.48,"3,126",37,2 : 1,-82.68083292,42.93188855
37089,"Henderson County, NC",33,298,"$59,520",0.29,"2,327",25,2 : 1,-82.48021492,35.33655768
26087,"Lapeer County, MI",33,99,"$64,896",0.24,"2,099",8,2 : 1,-83.22153148,43.09052506
22109,"Terrebonne Parish, LA",33,499,"$95,104",0.64,"2,012",42,2 : 1,-90.86454347,29.40922061
13185,"Lowndes County, GA",33,188,"$67,456",0.39,"1,833",16,2 : 1,-83.26738819,30.83391096
35045,"San Juan County, NM",33,413,"$67,968",0.46,"1,780",34,2 : 1,-108.3206012,36.50824605
28071,"Lafayette County, MS",33,252,"$68,480",0.65,"1,522",21,2 : 1,-89.48471446,34.35673647
13115,"Floyd County, GA",33,219,"$85,888",0.30,"1,454",18,2 : 1,-85.21440801,34.26315113
18173,"Warrick County, IN",33,172,"$52,096",0.28,"1,443",14,2 : 1,-87.2717425,38.09237205
48291,"Liberty County, TX",33,185,"$70,528",0.50,"1,332",15,2 : 1,-94.81225285,30.15161146
34009,"Cape May County, NJ",33,130,"$64,896",0.38,"1,329",11,2 : 1,-74.80053334,39.14901203
37141,"Pender County, NC",33,68,"$44,928",0.18,"1,007",6,2 : 1,-77.90598182,34.52447523
27041,"Douglas County, MN",33,96,"$61,056",0.37,909,8,2 : 1,-95.45422901,45.93372693
39005,"Ashland County, OH",33,164,"$43,648",0.44,876,14,2 : 1,-82.27061922,40.84592901
48493,"Wilson County, TX",33,63,"$59,904",0.32,784,5,8 : 1,-98.08694449,29.17420221
39137,"Putnam County, OH",33,133,"$62,464",0.87,754,11,2 : 1,-84.13168547,41.02216769
23027,"Waldo County, ME",33,253,"$49,920",1.18,724,21,2 : 1,-69.14427892,44.50136648
27059,"Isanti County, MN",33,67,"$57,088",0.36,720,6,2 : 1,-93.29470209,45.56125565
13085,"Dawson County, GA",33,29,"$49,920",0.10,707,2,1 : 1,-84.17073385,34.44409815
22099,"St. Martin Parish, LA",33,25,"$37,504",0.12,681,2,4 : 1,-91.60785079,30.12930997
26123,"Newaygo County, MI",33,127,"$54,144",0.45,639,11,2 : 1,-85.80070154,43.5544124
26059,"Hillsdale County, MI",33,79,"$75,008",0.40,629,7,2 : 1,-84.59305475,41.88768696
37113,"Macon County, NC",33,68,"$56,832",0.26,626,6,2 : 1,-83.42232408,35.15057533
45071,"Newberry County, SC",33,123,"$64,896",0.41,572,10,2 : 1,-81.59990705,34.28974754
26041,"Delta County, MI",33,122,"$52,608",0.51,554,10,1 : 1,-86.92347486,45.91736311
13187,"Lumpkin County, GA",33,46,"$54,784",0.28,521,4,2 : 1,-84.00327535,34.57241644
5103,"Ouachita County, AR",33,330,"$80,128",2.39,492,28,2 : 1,-92.88191217,33.59337533
35031,"McKinley County, NM",33,187,"$67,456",0.44,489,16,2 : 1,-108.2616781,35.58040415
18023,"Clinton County, IN",33,62,"$69,888",0.32,484,5,2 : 1,-86.475326,40.30214562
26063,"Huron County, MI",33,73,"$48,512",0.46,460,6,1 : 1,-83.03116796,43.83293286
8097,"Pitkin County, CO",33,84,"$61,568",0.25,437,7,2 : 1,-106.9159345,39.21732141
45023,"Chester County, SC",33,117,"$72,960",0.43,430,10,2 : 1,-81.15923162,34.69173842
28151,"Washington County, MS",33,81,"$75,136",0.53,425,7,2 : 1,-90.94787195,33.28374517
42031,"Clarion County, PA",33,73,"$59,648",0.61,418,6,1 : 1,-79.42093979,41.19261355
29109,"Lawrence County, MO",33,101,"$91,520",0.57,378,8,2 : 1,-93.83291444,37.10627971
22039,"Evangeline Parish, LA",33,53,"$77,056",0.42,360,4,3 : 1,-92.40566294,30.72890813
5027,"Columbia County, AR",33,108,"$109,568",1.25,338,9,2 : 1,-93.22737493,33.2142428
29201,"Scott County, MO",33,37,"$55,808",0.23,307,3,1 : 1,-89.56865798,37.05301351
19121,"Madison County, IA",33,46,"$54,144",0.47,296,4,1 : 1,-94.01554631,41.33081904
28095,"Monroe County, MS",33,74,"$89,856",1.01,291,6,2 : 1,-88.48037059,33.8922846
51147,"Prince Edward County, VA",33,49,"$116,480",0.29,290,4,1 : 1,-78.44090565,37.22409267
51139,"Page County, VA",33,75,"$73,088",0.67,285,6,2 : 1,-78.48428212,38.61983485
20057,"Ford County, KS",33,100,"$47,232",0.40,273,8,2 : 1,-99.88814767,37.69182131
17045,"Edgar County, IL",33,77,"$81,152",0.54,253,6,2 : 1,-87.74546531,39.67865165
28127,"Simpson County, MS",33,29,"$31,104",0.23,240,2,2 : 1,-89.9199315,31.9133629
48415,"Scurry County, TX",33,67,"$66,304",0.77,232,6,1 : 1,-100.9162656,32.74614567
22037,"East Feliciana Parish, LA",33,35,"$61,184",0.31,231,3,2 : 1,-91.04553925,30.8451603
13231,"Pike County, GA",33,17,"$28,493",0.25,229,1,3 : 1,-84.38908484,33.09206899
22007,"Assumption Parish, LA",33,17,"$67,840",0.38,227,1,1 : 1,-91.06263132,29.90081675
28057,"Itawamba County, MS",33,20,"$66,102",0.48,200,2,2 : 1,-88.36140611,34.27995113
1067,"Henry County, AL",33,10,"$35,130",0.27,195,1,1 : 1,-85.24094152,31.51487991
29119,"McDonald County, MO",33,246,"$36,864",1.50,191,21,2 : 1,-94.34823345,36.6286562
20133,"Neosho County, KS",33,46,"$96,256",0.51,180,4,2 : 1,-95.30682401,37.5582728
28117,"Prentiss County, MS",33,33,"$57,200",0.45,173,3,2 : 1,-88.51976883,34.61811436
19109,"Kossuth County, IA",33,41,"$52,224",0.43,165,3,2 : 1,-94.20689787,43.20413984
5149,"Yell County, AR",33,31,"$44,416",0.55,154,3,1 : 1,-93.41105962,35.00270728
46033,"Custer County, SD",33,19,"$43,264",0.19,148,2,2 : 1,-103.4514908,43.67736837
29059,"Dallas County, MO",33,22,"$125,696",0.41,147,2,1 : 1,-93.02340823,37.68065861
13159,"Jasper County, GA",33,18,"$75,008",0.30,139,2,2 : 1,-83.68792053,33.31633785
28161,"Yalobusha County, MS",33,4,Insf. Data,0.15,137,0,2 : 1,-89.70745642,34.02831011
18007,"Benton County, IN",33,21,"$85,760",0.57,133,2,2 : 1,-87.31082597,40.60631635
37015,"Bertie County, NC",33,19,"$80,198",0.39,108,2,1 : 1,-76.9766892,36.0658315
48387,"Red River County, TX",33,12,"$67,840",0.57,108,1,1 : 1,-95.04966416,33.62099176
30035,"Glacier County, MT",33,23,"$62,208",0.51,107,2,2 : 1,-112.9959167,48.70514099
48399,"Runnels County, TX",33,37,"$55,808",0.60,104,3,2 : 1,-99.97616148,31.8314342
40023,"Choctaw County, OK",33,16,"$49,152",0.22,102,1,2 : 1,-95.55375412,34.0255707
51183,"Sussex County, VA",33,39,"$37,504",0.35,99,3,2 : 1,-77.26234107,36.92136549
20043,"Doniphan County, KS",33,75,"$87,808",1.25,95,6,2 : 1,-95.14683558,39.78796644
40085,"Love County, OK",33,16,"$33,280",0.14,86,1,1 : 1,-97.24422829,33.95005271
19133,"Monona County, IA",33,15,"$120,000",0.43,80,1,3 : 1,-95.95997093,42.05236881
28005,"Amite County, MS",33,7,"$64,064",0.40,76,1,2 : 1,-90.80453378,31.17425244
37187,"Washington County, NC",33,33,"$114,688",0.95,69,3,1 : 1,-76.57653423,35.82268131
1011,"Bullock County, AL",33,14,"$51,968",0.21,66,1,2 : 1,-85.71572943,32.10045868
48335,"Mitchell County, TX",33,23,"$142,500",1.16,64,2,2 : 1,-100.9212058,32.30623474
5079,"Lincoln County, AR",33,9,"$96,653",0.24,53,1,1 : 1,-91.73333878,33.95753882
51720,"Norton City County, VA",33,49,"$42,368",0.31,53,4,1 : 1,-82.62648895,36.9310873
29057,"Dade County, MO",33,16,"$125,696",0.39,49,1,2 : 1,-93.8503345,37.431814
48069,"Castro County, TX",33,2,Insf. Data,0.11,34,0,3 : 1,-102.2617081,34.53004051
51081,"Greensville County, VA",33,8,"$109,056",0.33,26,1,2 : 1,-77.55962422,36.67571583
13239,"Quitman County, GA",33,6,"$122,500",0.19,23,1,4 : 1,-85.01684071,31.86629277
48173,"Glasscock County, TX",33,19,"$41,600",0.99,16,2,2 : 1,-101.5207776,31.86942909
40057,"Harmon County, OK",33,2,Insf. Data,0.33,13,0,2 : 1,-99.84630188,34.74409289
20063,"Gove County, KS",33,83,"$112,640",1.13,12,7,2 : 1,-100.4829436,38.91587321
20187,"Stanton County, KS",33,61,"$61,056",1.02,10,5,2 : 1,-101.7842716,37.56304856
37021,"Buncombe County, NC",32,"1,695","$69,504",0.51,"8,960",141,2 : 1,-82.53035424,35.6112775
36091,"Saratoga County, NY",32,745,"$84,736",0.77,"7,636",62,2 : 1,-73.86394518,43.10743063
47163,"Sullivan County, TN",32,431,"$82,816",0.42,"3,944",36,2 : 1,-82.30419555,36.51291546
46103,"Pennington County, SD",32,773,"$78,080",0.61,"3,633",64,2 : 1,-102.8239659,44.00397449
44005,"Newport County, RI",32,"1,930","$93,952",1.41,"3,485",161,2 : 1,-71.23906841,41.55667416
23011,"Kennebec County, ME",32,"6,385","$120,192",2.30,"3,443",532,1 : 1,-69.76757384,44.40901704
55073,"Marathon County, WI",32,432,"$76,032",0.52,"3,349",36,1 : 1,-89.75863384,44.89792533
16005,"Bannock County, ID",32,832,"$93,056",1.11,"3,288",69,2 : 1,-112.2247491,42.6686619
28059,"Jackson County, MS",32,747,"$82,304",0.78,"3,134",62,3 : 1,-88.6353787,30.53467952
18085,"Kosciusko County, IN",32,858,"$80,256",0.77,"2,670",72,2 : 1,-85.86064998,41.24435723
15009,"Maui County, HI",32,679,"$65,408",0.37,"2,298",57,2 : 1,-156.5692176,20.86402572
5125,"Saline County, AR",32,346,"$85,376",0.38,"2,174",29,2 : 1,-92.67655329,34.64661779
37125,"Moore County, NC",32,402,"$65,920",0.38,"2,028",34,2 : 1,-79.48151986,35.31080558
53007,"Chelan County, WA",32,658,"$81,664",0.92,"1,872",55,3 : 1,-120.6188281,47.86921949
45073,"Oconee County, SC",32,437,"$83,840",0.60,"1,835",36,2 : 1,-83.06576373,34.75329772
56001,"Albany County, WY",32,406,"$65,152",0.72,"1,819",34,2 : 1,-105.7236684,41.65453797
39009,"Athens County, OH",32,408,"$64,768",1.00,"1,703",34,2 : 1,-82.0451808,39.3340326
39055,"Geauga County, OH",32,208,"$67,456",0.29,"1,610",17,3 : 1,-81.17872133,41.49972479
27169,"Winona County, MN",32,335,"$53,376",0.60,"1,460",28,3 : 1,-91.77934467,43.98683746
26155,"Shiawassee County, MI",32,116,"$67,840",0.29,"1,353",10,2 : 1,-84.14662058,42.95402135
17099,"La Salle County, IL",32,563,"$69,504",0.61,"1,350",47,2 : 1,-88.88623869,41.34406943
27035,"Crow Wing County, MN",32,147,"$70,528",0.30,"1,304",12,1 : 1,-94.07070376,46.48265818
5115,"Pope County, AR",32,169,"$50,944",0.55,"1,230",14,2 : 1,-93.03400145,35.4476948
12131,"Walton County, FL",32,90,"$64,128",0.23,"1,214",8,2 : 1,-86.17009489,30.64341925
55135,"Waupaca County, WI",32,171,"$51,712",0.53,"1,021",14,2 : 1,-88.96532599,44.47070734
26149,"St. Joseph County, MI",32,368,"$70,016",0.67,931,31,2 : 1,-85.52810068,41.91439741
55075,"Marinette County, WI",32,187,"$70,016",0.60,826,16,2 : 1,-88.03335785,45.38289899
41011,"Coos County, OR",32,"1,180","$125,184",1.72,821,98,1 : 1,-124.0595871,43.17396579
26107,"Mecosta County, MI",32,116,"$55,168",0.46,805,10,2 : 1,-85.32464875,43.64070731
29147,"Nodaway County, MO",32,70,"$53,248",0.37,710,6,1 : 1,-94.88335354,40.36098014
29029,"Camden County, MO",32,79,"$69,888",0.24,662,7,1 : 1,-92.76600464,38.02703414
53017,"Douglas County, WA",32,184,"$74,496",1.01,627,15,3 : 1,-119.6917069,47.73589576
29009,"Barry County, MO",32,253,"$78,720",0.88,612,21,2 : 1,-93.82898627,36.70980207
13009,"Baldwin County, GA",32,164,"$54,912",0.36,594,14,2 : 1,-83.24970322,33.06940962
39039,"Defiance County, OH",32,104,"$73,088",0.30,593,9,2 : 1,-84.49071987,41.3239854
20035,"Cowley County, KS",32,204,"$57,216",0.61,472,17,2 : 1,-96.83732848,37.23777562
42047,"Elk County, PA",32,83,"$59,008",0.79,449,7,2 : 1,-78.64916765,41.42548728
42131,"Wyoming County, PA",32,136,"$58,112",1.33,446,11,2 : 1,-76.01693959,41.51833347
18073,"Jasper County, IN",32,55,"$60,416",0.43,422,5,2 : 1,-87.11611118,41.02296853
41057,"Tillamook County, OR",32,57,"$48,896",0.24,416,5,2 : 1,-123.7127608,45.46343846
46127,"Union County, SD",32,253,"$65,408",1.17,388,21,2 : 1,-96.65571268,42.83182818
17011,"Bureau County, IL",32,103,"$54,144",0.45,380,9,1 : 1,-89.52841534,41.40406966
29001,"Adair County, MO",32,81,"$63,488",0.26,374,7,2 : 1,-92.6007527,40.19054871
13213,"Murray County, GA",32,53,"$46,720",0.31,370,4,2 : 1,-84.74799528,34.78861644
20191,"Sumner County, KS",32,50,"$53,376",0.41,335,4,4 : 1,-97.476759,37.2369258
27115,"Pine County, MN",32,59,"$77,696",0.88,332,5,2 : 1,-92.74140502,46.12071071
48449,"Titus County, TX",32,28,"$41,984",0.23,329,2,1 : 1,-94.96656946,33.21673924
48331,"Milam County, TX",32,88,"$54,912",0.41,321,7,2 : 1,-96.97728156,30.7861553
4011,"Greenlee County, AZ",32,109,"$86,272",1.25,249,9,3 : 1,-109.2401561,33.21537146
17075,"Iroquois County, IL",32,25,"$82,500",0.13,245,2,1 : 1,-87.82452537,40.74732578
55099,"Price County, WI",32,43,"$36,400",1.13,242,4,1 : 1,-90.36154528,45.68054246
1093,"Marion County, AL",32,25,"$82,688",0.23,241,2,1 : 1,-87.88740606,34.13691856
40153,"Woodward County, OK",32,53,"$89,856",0.42,241,4,2 : 1,-99.26427063,36.42251383
40139,"Texas County, OK",32,28,"$47,104",0.40,240,2,1 : 1,-101.4901113,36.74789073
41045,"Malheur County, OR",32,102,"$52,096",0.29,240,9,2 : 1,-117.6231067,43.19355699
17023,"Clark County, IL",32,42,"$45,568",0.53,239,4,2 : 1,-87.7878617,39.33402321
12007,"Bradford County, FL",32,69,"$73,088",0.34,236,6,3 : 1,-82.16822073,29.94967764
28141,"Tishomingo County, MS",32,164,"$78,592",2.27,235,14,4 : 1,-88.23908046,34.74037117
55067,"Langlade County, WI",32,29,"$55,973",0.42,231,2,2 : 1,-89.07193609,45.26219987
16081,"Teton County, ID",32,9,"$109,824",0.29,229,1,1 : 1,-111.2078712,43.7599238
48427,"Starr County, TX",32,91,"$55,168",0.43,221,8,1 : 1,-98.73826312,26.56223662
48293,"Limestone County, TX",32,37,"$44,928",0.24,220,3,2 : 1,-96.58095444,31.5454767
29217,"Vernon County, MO",32,48,"$71,936",0.42,215,4,2 : 1,-94.34168569,37.84998285
5001,"Arkansas County, AR",32,99,"$111,872",0.62,214,8,2 : 1,-91.37520643,34.29076839
48457,"Tyler County, TX",32,73,"$135,936",1.15,209,6,1 : 1,-94.37649281,30.77118478
31185,"York County, NE",32,127,"$57,472",0.72,203,11,2 : 1,-97.59710186,40.87272618
2220,"Sitka Borough, AK",32,160,"$104,192",0.66,194,13,1 : 1,-135.3151746,57.23393263
30083,"Richland County, MT",32,44,"$104,704",0.41,186,4,1 : 1,-104.5616375,47.78794828
8019,"Clear Creek County, CO",32,71,"$93,952",0.71,172,6,2 : 1,-105.6447627,39.68922182
37007,"Anson County, NC",32,41,"$53,504",0.35,171,3,2 : 1,-80.10243931,34.97378348
19043,"Clayton County, IA",32,16,"$51,968",0.23,162,1,1 : 1,-91.34106377,42.84452651
16029,"Caribou County, ID",32,89,"$75,008",2.73,160,7,2 : 1,-111.5621762,42.77049766
28159,"Winston County, MS",32,27,"$62,464",0.53,140,2,2 : 1,-89.03430894,33.0883872
19119,"Lyon County, IA",32,55,"$68,480",0.31,138,5,2 : 1,-96.2102221,43.38111289
37185,"Warren County, NC",32,37,"$52,736",0.71,129,3,1 : 1,-78.10671227,36.39674307
51025,"Brunswick County, VA",32,27,"$41,600",0.62,123,2,1 : 1,-77.85881453,36.76457633
5061,"Howard County, AR",32,30,"$49,416",0.49,121,3,2 : 1,-93.99344494,34.08897983
29011,"Barton County, MO",32,19,"$65,280",0.43,116,2,1 : 1,-94.34736796,37.50205562
20107,"Linn County, KS",32,12,"$69,888",0.48,114,1,2 : 1,-94.84299061,38.21238797
1023,"Choctaw County, AL",32,48,"$89,856",1.09,107,4,2 : 1,-88.26305322,32.02019311
31041,"Custer County, NE",32,36,"$73,984",0.64,106,3,2 : 1,-99.72614484,41.39416503
5081,"Little River County, AR",32,49,"$94,500",1.00,105,4,2 : 1,-94.2339787,33.70228691
26113,"Missaukee County, MI",32,8,"$75,008",0.46,104,1,2 : 1,-85.09471001,44.33770935
28013,"Calhoun County, MS",32,8,"$58,490",0.25,100,1,2 : 1,-89.33648515,33.9364711
51159,"Richmond County, VA",32,26,"$57,472",0.53,99,2,1 : 1,-76.7268014,37.94301072
48487,"Wilbarger County, TX",32,395,"$72,960",2.02,93,33,2 : 1,-99.24098891,34.08084256
48145,"Falls County, TX",32,92,"$61,312",0.56,92,8,2 : 1,-96.93634455,31.25354356
48127,"Dimmit County, TX",32,23,"$51,200",0.44,87,2,1 : 1,-99.75646833,28.42276169
13099,"Early County, GA",32,31,"$105,436",0.94,84,3,1 : 1,-84.90423978,31.32317406
30105,"Valley County, MT",32,22,"$58,112",0.73,84,2,1 : 1,-106.6682222,48.3648329
27077,"Lake of the Woods County, MN",32,15,"$84,992",0.55,81,1,1 : 1,-94.90489792,48.77043756
29093,"Iron County, MO",32,12,"$42,500",0.50,80,1,1 : 1,-90.77398853,37.5553541
26085,"Lake County, MI",32,10,"$57,344",0.44,79,1,1 : 1,-85.80209274,43.99041242
17155,"Putnam County, IL",32,18,"$47,616",0.78,78,2,1 : 1,-89.28578933,41.2041567
28143,"Tunica County, MS",32,56,"$67,840",0.41,75,5,1 : 1,-90.37532903,34.65198616
55051,"Iron County, WI",32,12,"$115,584",1.31,70,1,2 : 1,-90.24265966,46.26247657
13027,"Brooks County, GA",32,18,"$61,360",0.40,62,2,4 : 1,-83.57966245,30.84191162
27107,"Norman County, MN",32,10,"$74,893",0.22,62,1,1 : 1,-96.45566228,47.32618622
17065,"Hamilton County, IL",32,24,"$54,784",0.48,54,2,2 : 1,-88.53883373,38.08163641
46015,"Brule County, SD",32,37,"$63,488",0.72,53,3,3 : 1,-99.08125406,43.71816719
48483,"Wheeler County, TX",32,6,"$87,000",0.25,46,1,2 : 1,-100.2699514,35.40114335
40067,"Jefferson County, OK",32,5,"$43,680",0.21,44,0,1 : 1,-97.83608709,34.11052408
48435,"Sutton County, TX",32,2,Insf. Data,0.14,38,0,1 : 1,-100.5382117,30.4985468
38019,"Cavalier County, ND",32,39,"$77,568",1.51,32,3,1 : 1,-98.46469965,48.77240346
8033,"Dolores County, CO",32,2,Insf. Data,0.21,31,0,1 : 1,-108.5173886,37.75208472
30059,"Meagher County, MT",32,2,Insf. Data,0.33,28,0,2 : 1,-110.8856024,46.59797522
13259,"Stewart County, GA",32,18,"$119,808",0.47,26,2,3 : 1,-84.83395276,32.07839601
32011,"Eureka County, NV",32,18,"$73,472",1.21,25,2,2 : 1,-116.2694709,39.98327398
31167,"Stanton County, NE",32,1,Insf. Data,0.12,22,0,1 : 1,-97.19394708,41.9169835
48235,"Irion County, TX",32,3,Insf. Data,0.41,16,0,1 : 1,-100.982439,31.30375559
46063,"Harding County, SD",32,9,"$85,500",1.09,10,1,1 : 1,-103.4943846,45.58027156
48079,"Cochran County, TX",32,1,Insf. Data,0.13,10,0,1 : 1,-102.8285179,33.60426094
5143,"Washington County, AR",31,"2,311","$70,016",0.93,"10,365",193,2 : 1,-94.21571712,35.97899668
36109,"Tompkins County, NY",31,"1,012","$75,136",0.73,"7,516",84,2 : 1,-76.47381763,42.45222263
33017,"Strafford County, NH",31,875,"$83,200",0.59,"5,675",73,2 : 1,-71.02927319,43.29717653
18005,"Bartholomew County, IN",31,"1,103","$83,328",1.17,"5,007",92,2 : 1,-85.89789136,39.20574386
18063,"Hendricks County, IN",31,561,"$62,336",0.28,"4,998",47,4 : 1,-86.50994544,39.76986908
45077,"Pickens County, SC",31,886,"$71,040",0.71,"4,928",74,2 : 1,-82.72522047,34.88795956
30111,"Yellowstone County, MT",31,"2,770","$77,696",0.77,"4,341",231,2 : 1,-108.2742553,45.93715306
34041,"Warren County, NJ",31,466,"$105,344",0.68,"3,754",39,2 : 1,-74.99647914,40.85746195
22073,"Ouachita Parish, LA",31,558,"$73,088",0.54,"3,361",47,2 : 1,-92.15486108,32.47822702
53077,"Yakima County, WA",31,564,"$81,664",0.53,"2,988",47,2 : 1,-120.7387387,46.45687521
5131,"Sebastian County, AR",31,685,"$77,696",0.57,"2,811",57,2 : 1,-94.27397371,35.19943145
53057,"Skagit County, WA",31,781,"$88,320",0.72,"2,657",65,3 : 1,-121.7319234,48.47967845
33005,"Cheshire County, NH",31,593,"$92,544",0.49,"2,371",49,3 : 1,-72.25111371,42.91955278
29097,"Jasper County, MO",31,603,"$78,720",0.44,"2,324",50,2 : 1,-94.34047486,37.20351967
48231,"Hunt County, TX",31,585,"$80,128",0.85,"2,268",49,2 : 1,-96.08560239,33.12356693
55097,"Portage County, WI",31,304,"$87,424",0.63,"2,233",25,2 : 1,-89.50154548,44.47561378
22105,"Tangipahoa Parish, LA",31,260,"$54,912",0.26,"2,107",22,2 : 1,-90.40542519,30.62688036
36075,"Oswego County, NY",31,"1,185","$76,160",1.14,"2,059",99,2 : 1,-76.14177407,43.42718293
29021,"Buchanan County, MO",31,656,"$71,040",0.46,"1,962",55,2 : 1,-94.80618288,39.65989328
26091,"Lenawee County, MI",31,292,"$73,088",0.36,"1,799",24,2 : 1,-84.06641246,41.89469406
48259,"Kendall County, TX",31,155,"$80,256",0.36,"1,641",13,4 : 1,-98.7114161,29.94473189
16057,"Latah County, ID",31,221,"$68,992",0.78,"1,595",18,2 : 1,-116.7117113,46.81645625
33001,"Belknap County, NH",31,286,"$68,864",0.36,"1,509",24,2 : 1,-71.4226598,43.51832231
50027,"Windsor County, VT",31,296,"$105,344",0.56,"1,492",25,2 : 1,-72.58619896,43.57967872
25011,"Franklin County, MA",31,338,"$62,464",0.45,"1,482",28,2 : 1,-72.59174125,42.58309231
39141,"Ross County, OH",31,199,"$80,256",0.35,"1,157",17,2 : 1,-83.0569591,39.33753008
23023,"Sagadahoc County, ME",31,172,"$77,568",0.93,"1,117",14,2 : 1,-69.85358192,43.95888365
51187,"Warren County, VA",31,77,"$49,280",0.40,"1,108",6,2 : 1,-78.20860922,38.90870136
17063,"Grundy County, IL",31,276,"$91,392",0.53,"1,083",23,2 : 1,-88.41891328,41.2856038
23009,"Hancock County, ME",31,196,"$73,984",0.60,"1,083",16,1 : 1,-68.35862848,44.64373173
35061,"Valencia County, NM",31,177,"$72,576",0.36,"1,052",15,3 : 1,-106.8090108,34.71536166
39011,"Auglaize County, OH",31,377,"$76,672",1.10,995,31,2 : 1,-84.22168058,40.56085701
20061,"Geary County, KS",31,103,"$94,976",0.48,992,9,2 : 1,-96.75251853,39.00227253
39129,"Pickaway County, OH",31,168,"$87,296",0.51,970,14,6 : 1,-83.02450193,39.64185964
21211,"Shelby County, KY",31,186,"$57,216",0.34,910,16,4 : 1,-85.19489586,38.21556092
38105,"Williams County, ND",31,434,"$77,056",0.70,894,36,2 : 1,-103.4801272,48.34373147
13129,"Gordon County, GA",31,236,"$63,872",0.44,879,20,2 : 1,-84.87632767,34.50374908
26117,"Montcalm County, MI",31,127,"$67,328",0.38,876,11,2 : 1,-85.15230226,43.31058414
39143,"Sandusky County, OH",31,170,"$62,976",0.33,867,14,6 : 1,-83.14419942,41.35730372
39051,"Fulton County, OH",31,183,"$75,008",0.50,798,15,4 : 1,-84.12943991,41.60183312
45059,"Laurens County, SC",31,131,"$58,240",0.58,798,11,2 : 1,-82.00535135,34.48372258
5033,"Crawford County, AR",31,127,"$39,552",0.55,796,11,2 : 1,-94.24296995,35.588841
29187,"St. Francois County, MO",31,62,"$80,640",0.25,777,5,2 : 1,-90.47255556,37.81055607
48373,"Polk County, TX",31,40,"$40,704",0.32,743,3,1 : 1,-94.82986499,30.79270853
23015,"Lincoln County, ME",31,72,"$56,064",0.35,733,6,2 : 1,-69.54198777,44.06333351
50003,"Bennington County, VT",31,127,"$85,248",0.36,722,11,2 : 1,-73.09291531,43.03531126
18133,"Putnam County, IN",31,81,"$57,984",0.32,714,7,2 : 1,-86.84503425,39.66633516
55081,"Monroe County, WI",31,88,"$75,008",0.50,705,7,1 : 1,-90.61820195,43.94576215
1045,"Dale County, AL",31,139,"$80,768",0.77,696,12,2 : 1,-85.611081,31.43204363
20121,"Miami County, KS",31,66,"$60,160",0.27,665,6,2 : 1,-94.83822279,38.56363954
39171,"Williams County, OH",31,111,"$50,048",0.38,663,9,2 : 1,-84.58816167,41.56027968
46013,"Brown County, SD",31,607,"$68,352",1.33,652,51,2 : 1,-98.35163367,45.58993475
49047,"Uintah County, UT",31,64,"$51,968",0.60,635,5,1 : 1,-109.517996,40.12501568
26043,"Dickinson County, MI",31,175,"$113,408",0.80,633,15,1 : 1,-87.87011459,46.00907005
56013,"Fremont County, WY",31,366,"$63,616",0.63,606,31,2 : 1,-108.6304217,43.04055711
18055,"Greene County, IN",31,40,"$52,992",0.46,588,3,2 : 1,-86.96223202,39.03630547
55049,"Iowa County, WI",31,103,"$58,368",0.51,588,9,3 : 1,-90.13523894,43.00020828
29159,"Pettis County, MO",31,157,"$100,096",0.50,583,13,1 : 1,-93.28474912,38.72825898
48477,"Washington County, TX",31,157,"$72,576",0.39,542,13,2 : 1,-96.40341594,30.21441875
39071,"Highland County, OH",31,115,"$68,864",0.55,536,10,2 : 1,-83.60078719,39.18468334
37175,"Transylvania County, NC",31,66,"$41,984",0.18,534,6,2 : 1,-82.79867801,35.20208661
36099,"Seneca County, NY",31,149,"$59,520",0.48,520,12,2 : 1,-76.82362358,42.78068586
4023,"Santa Cruz County, AZ",31,63,"$76,544",0.33,517,5,2 : 1,-110.8466869,31.52598116
35039,"Rio Arriba County, NM",31,108,"$51,840",0.30,511,9,1 : 1,-106.6929637,36.50984697
29225,"Webster County, MO",31,73,"$80,768",0.37,500,6,2 : 1,-92.87591692,37.28085752
48481,"Wharton County, TX",31,84,"$75,136",0.48,489,7,2 : 1,-96.22242975,29.2778845
29105,"Laclede County, MO",31,86,"$60,288",0.31,483,7,2 : 1,-92.59043082,37.65865829
37163,"Sampson County, NC",31,99,"$50,432",0.23,481,8,2 : 1,-78.37163083,34.99203592
42109,"Snyder County, PA",31,80,"$37,376",0.36,464,7,1 : 1,-77.06984318,40.76993359
45025,"Chesterfield County, SC",31,130,"$77,696",0.70,464,11,2 : 1,-80.15867356,34.63979804
16013,"Blaine County, ID",31,115,"$72,960",0.93,459,10,2 : 1,-113.980642,43.41242641
5035,"Crittenden County, AR",31,164,"$55,680",0.30,457,14,5 : 1,-90.30924635,35.20762172
5093,"Mississippi County, AR",31,227,"$92,416",0.70,395,19,2 : 1,-90.05430077,35.76420127
18143,"Scott County, IN",31,45,"$64,768",0.22,370,4,3 : 1,-85.74696726,38.68627244
46135,"Yankton County, SD",31,252,"$68,352",0.74,364,21,2 : 1,-97.39494039,43.00895493
30047,"Lake County, MT",31,69,"$57,472",0.44,359,6,2 : 1,-114.0894823,47.64593461
19095,"Iowa County, IA",31,83,"$68,864",0.44,355,7,3 : 1,-92.06369553,41.68621637
20055,"Finney County, KS",31,78,"$69,888",0.25,354,7,2 : 1,-100.7376459,38.04405338
28093,"Marshall County, MS",31,147,"$73,088",0.45,349,12,3 : 1,-89.50306303,34.76229047
41031,"Jefferson County, OR",31,29,"$56,064",0.18,348,2,1 : 1,-121.176431,44.62935891
18027,"Daviess County, IN",31,175,"$89,856",1.16,341,15,3 : 1,-87.07197336,38.70229994
33007,"Coos County, NH",31,103,"$71,040",0.26,336,9,1 : 1,-71.30563958,44.68948989
13143,"Haralson County, GA",31,201,"$56,192",0.99,325,17,1 : 1,-85.21085788,33.79399282
20009,"Barton County, KS",31,46,"$33,280",0.36,314,4,1 : 1,-98.75632156,38.478934
17135,"Montgomery County, IL",31,92,"$53,120",0.35,307,8,2 : 1,-89.4790156,39.23097041
47017,"Carroll County, TN",31,13,"$89,856",0.23,305,1,1 : 1,-88.45060499,35.97307462
19031,"Cedar County, IA",31,79,"$60,032",0.43,299,7,2 : 1,-91.13246684,41.77233777
29175,"Randolph County, MO",31,108,"$103,808",0.39,297,9,2 : 1,-92.49714212,39.44009232
28083,"Leflore County, MS",31,52,"$77,568",0.38,265,4,1 : 1,-90.30095715,33.55070467
20139,"Osage County, KS",31,15,"$49,309",0.21,256,1,1 : 1,-95.72707998,38.65235984
47041,"DeKalb County, TN",31,32,"$77,184",0.34,255,3,2 : 1,-85.83288678,35.98021146
29083,"Henry County, MO",31,66,"$106,240",0.43,250,6,1 : 1,-93.7928174,38.38506942
48407,"San Jacinto County, TX",31,6,"$65,072",0.33,212,1,1 : 1,-95.1671992,30.57936685
27043,"Faribault County, MN",31,42,"$65,024",0.83,191,4,2 : 1,-93.94781493,43.67387282
47111,"Macon County, TN",31,56,"$103,168",0.83,186,5,1 : 1,-86.00775763,36.53211833
38003,"Barnes County, ND",31,141,"$88,448",1.41,176,12,2 : 1,-98.07170952,46.93593125
29013,"Bates County, MO",31,14,"$41,600",0.20,170,1,2 : 1,-94.34015625,38.25742352
1013,"Butler County, AL",31,45,"$85,376",0.29,165,4,2 : 1,-86.68040924,31.75252432
13105,"Elbert County, GA",31,27,"$70,016",0.25,163,2,1 : 1,-82.83992664,34.11635114
16041,"Franklin County, ID",31,7,Insf. Data,0.33,160,1,1 : 1,-111.8131009,42.18121994
21013,"Bell County, KY",31,38,"$43,904",0.31,158,3,2 : 1,-83.67369514,36.73094679
20085,"Jackson County, KS",31,36,"$44,288",0.37,154,3,2 : 1,-95.79433878,39.41641542
19137,"Montgomery County, IA",31,33,"$64,000",0.33,140,3,2 : 1,-95.15642896,41.03018714
35051,"Sierra County, NM",31,59,"$108,288",0.64,136,5,2 : 1,-107.1925539,33.13025321
1029,"Cleburne County, AL",31,33,"$49,152",0.84,135,3,2 : 1,-85.51786948,33.67495934
29229,"Wright County, MO",31,12,"$62,464",0.23,132,1,2 : 1,-92.4694931,37.27078998
20159,"Rice County, KS",31,23,"$33,280",0.67,123,2,2 : 1,-98.20053402,38.34721983
29039,"Cedar County, MO",31,11,"$43,520",0.22,121,1,1 : 1,-93.85592541,37.72350148
12041,"Gilchrist County, FL",31,21,"$44,160",0.28,117,2,2 : 1,-82.80043459,29.72600841
21225,"Union County, KY",31,36,"$42,880",0.41,111,3,2 : 1,-87.94548669,37.65840762
47101,"Lewis County, TN",31,3,"$50,609",0.17,111,0,1 : 1,-87.49365286,35.52726999
38055,"McLean County, ND",31,29,"$57,856",0.41,108,2,2 : 1,-101.3219684,47.60697344
1119,"Sumter County, AL",31,44,"$90,368",0.73,106,4,2 : 1,-88.19904039,32.59104949
48357,"Ochiltree County, TX",31,25,"$91,000",0.85,104,2,1 : 1,-100.8158413,36.27830534
19147,"Palo Alto County, IA",31,24,"$69,376",0.36,102,2,2 : 1,-94.67824621,43.08193849
20013,"Brown County, KS",31,19,"$33,280",0.33,99,2,2 : 1,-95.56422358,39.8265096
40005,"Atoka County, OK",31,4,"$49,816",0.08,90,0,1 : 1,-96.03794859,34.37367259
48119,"Delta County, TX",31,35,Insf. Data,1.46,88,3,1 : 1,-95.67114037,33.38664358
5107,"Phillips County, AR",31,38,"$52,000",0.60,88,3,1 : 1,-90.84810681,34.42853288
48315,"Marion County, TX",31,21,"$80,128",0.44,87,2,1 : 1,-94.3574341,32.79813996
27167,"Wilkin County, MN",31,15,"$70,912",0.20,85,1,1 : 1,-96.46820682,46.35705832
16073,"Owyhee County, ID",31,53,"$41,600",0.75,84,4,2 : 1,-116.1698327,42.58161924
29125,"Maries County, MO",31,44,"$144,896",1.97,84,4,1 : 1,-91.92492582,38.16167922
5133,"Sevier County, AR",31,4,Insf. Data,0.10,82,0,10 : 1,-94.24072249,33.9971421
53019,"Ferry County, WA",31,13,"$52,224",0.50,82,1,1 : 1,-118.5163244,48.47039666
13109,"Evans County, GA",31,8,"$62,500",0.12,76,1,1 : 1,-81.88687929,32.1569194
22023,"Cameron Parish, LA",31,114,"$84,736",1.59,72,10,2 : 1,-93.19458209,29.87556075
48283,"La Salle County, TX",31,24,"$64,480",0.44,69,2,1 : 1,-99.0992434,28.34445432
13173,"Lanier County, GA",31,19,"$95,488",0.70,56,2,3 : 1,-83.06330638,31.03799605
29171,"Putnam County, MO",31,5,"$32,120",0.38,33,0,1 : 1,-93.01666575,40.47877624
41021,"Gilliam County, OR",31,23,"$37,440",1.15,28,2,2 : 1,-120.210458,45.37780558
31061,"Franklin County, NE",31,9,"$33,488",0.52,24,1,2 : 1,-98.95299529,40.17637323
38085,"Sioux County, ND",31,21,"$54,016",0.51,18,2,1 : 1,-101.0403323,46.11262812
38095,"Towner County, ND",31,11,Insf. Data,1.63,18,1,1 : 1,-99.24564463,48.68566015
26125,"Oakland County, MI",30,"25,475","$88,448",1.32,"77,980","2,123",2 : 1,-83.38594391,42.66090645
39057,"Greene County, OH",30,"2,421","$96,640",1.32,"31,738",202,2 : 1,-83.88969073,39.69132786
32031,"Washoe County, NV",30,"5,280","$84,352",0.63,"17,177",440,3 : 1,-119.6643222,40.66566815
23005,"Cumberland County, ME",30,"4,082","$100,736",0.98,"15,352",340,2 : 1,-70.37661287,43.83897334
17113,"McLean County, IL",30,"2,052","$87,936",0.73,"10,705",171,2 : 1,-88.84769482,40.49061752
22055,"Lafayette Parish, LA",30,"2,941","$80,256",0.72,"10,318",245,3 : 1,-92.0636004,30.20738593
36027,"Dutchess County, NY",30,807,"$75,136",0.44,"9,468",67,2 : 1,-73.74303603,41.76513375
48215,"Hidalgo County, TX",30,"1,617","$50,048",0.29,"8,587",135,2 : 1,-98.18144326,26.39667226
36007,"Broome County, NY",30,"1,082","$85,376",0.86,"7,252",90,2 : 1,-75.8198592,42.16037158
12021,"Collier County, FL",30,"1,395","$59,008",0.33,"6,910",116,2 : 1,-81.34769003,26.11069361
1081,"Lee County, AL",30,"1,086","$70,016",0.52,"6,778",91,2 : 1,-85.35522451,32.60106116
55139,"Winnebago County, WI",30,"1,783","$64,640",0.77,"6,368",149,2 : 1,-88.64477096,44.06886922
36083,"Rensselaer County, NY",30,"1,140","$81,792",0.93,"6,098",95,2 : 1,-73.50952678,42.71103722
20177,"Shawnee County, KS",30,"9,479","$119,680",1.83,"6,031",790,2 : 1,-95.75652721,39.04138192
20015,"Butler County, KS",30,234,"$63,616",0.40,"5,871",20,3 : 1,-96.83878537,37.78134351
20045,"Douglas County, KS",30,930,"$70,016",0.51,"5,839",78,3 : 1,-95.29263542,38.88451412
48375,"Potter County, TX",30,910,"$54,656",0.48,"5,524",76,2 : 1,-101.893964,35.40133773
35013,"Doña Ana County, NM",30,"2,215","$77,184",0.77,"5,448",185,2 : 1,-106.8330858,32.35265229
44009,"Washington County, RI",30,944,"$82,304",0.58,"4,742",79,2 : 1,-71.62328128,41.46943509
48061,"Cameron County, TX",30,"1,261","$109,952",0.40,"4,631",105,2 : 1,-97.51397873,26.13427178
55063,"La Crosse County, WI",30,566,"$90,880",0.57,"4,347",47,2 : 1,-91.11543876,43.9066398
30063,"Missoula County, MT",30,789,"$66,944",0.65,"4,181",66,2 : 1,-113.9237814,47.03651185
10005,"Sussex County, DE",30,583,"$100,224",0.38,"4,174",49,2 : 1,-75.38998106,38.66089142
35043,"Sandoval County, NM",30,849,"$68,992",0.56,"4,154",71,3 : 1,-106.8658272,35.68909544
26075,"Jackson County, MI",30,967,"$68,992",0.68,"3,994",81,2 : 1,-84.42251355,42.24852059
16055,"Kootenai County, ID",30,797,"$72,576",0.43,"3,789",66,2 : 1,-116.7000308,47.6744641
26115,"Monroe County, MI",30,637,"$67,968",0.42,"3,707",53,4 : 1,-83.53769332,41.92832154
26111,"Midland County, MI",30,708,"$118,656",1.02,"3,631",59,2 : 1,-84.38804837,43.64674881
13077,"Coweta County, GA",30,238,"$66,944",0.26,"3,503",20,2 : 1,-84.76342787,33.35346702
48183,"Gregg County, TX",30,745,"$53,632",0.40,"3,488",62,2 : 1,-94.81675582,32.4801034
39045,"Fairfield County, OH",30,350,"$75,136",0.35,"3,339",29,3 : 1,-82.63064275,39.75164711
6057,"Nevada County, CA",30,436,"$84,736",0.41,"2,907",36,2 : 1,-120.7682923,39.30150048
28089,"Madison County, MS",30,"1,010","$78,208",0.77,"2,866",84,2 : 1,-90.03327096,32.63533895
53075,"Whitman County, WA",30,451,"$77,568",1.14,"2,732",38,2 : 1,-117.5229774,46.90119074
29213,"Taney County, MO",30,134,"$63,872",0.14,"2,499",11,1 : 1,-93.04127586,36.65473646
47141,"Putnam County, TN",30,152,"$58,240",0.39,"2,314",13,2 : 1,-85.49633518,36.14080321
13015,"Bartow County, GA",30,334,"$71,552",0.41,"2,269",28,2 : 1,-84.84068937,34.23786814
25003,"Berkshire County, MA",30,664,"$88,832",0.37,"2,203",55,2 : 1,-73.2062907,42.37045737
36079,"Putnam County, NY",30,156,"$82,688",0.32,"2,165",13,2 : 1,-73.74940843,41.42650368
29161,"Phelps County, MO",30,684,"$122,624",1.67,"2,156",57,1 : 1,-91.79238502,37.87731447
16065,"Madison County, ID",30,97,"$102,656",0.80,"1,978",8,2 : 1,-111.6592182,43.78411982
20103,"Leavenworth County, KS",30,526,"$75,136",0.63,"1,958",44,3 : 1,-95.03795118,39.19957457
55071,"Manitowoc County, WI",30,561,"$59,520",0.65,"1,892",47,2 : 1,-87.80948518,44.11990639
13313,"Whitfield County, GA",30,497,"$55,424",0.48,"1,710",41,2 : 1,-84.96674982,34.80650119
26159,"Van Buren County, MI",30,335,"$66,304",0.63,"1,641",28,2 : 1,-86.01839482,42.25166438
46011,"Brookings County, SD",30,394,"$66,944",0.99,"1,616",33,2 : 1,-96.79064836,44.36981684
53025,"Grant County, WA",30,373,"$87,296",0.66,"1,591",31,2 : 1,-119.4513964,47.20582642
44001,"Bristol County, RI",30,227,"$73,088",0.56,"1,561",19,2 : 1,-71.28385194,41.71169465
48037,"Bowie County, TX",30,280,"$98,176",0.52,"1,406",23,2 : 1,-94.42378182,33.44693757
22057,"Lafourche Parish, LA",30,214,"$52,352",0.45,"1,392",18,2 : 1,-90.41865517,29.55797842
55111,"Sauk County, WI",30,311,"$71,040",0.46,"1,382",26,3 : 1,-89.94819801,43.42667177
36053,"Madison County, NY",30,468,"$66,432",0.64,"1,370",39,2 : 1,-75.66993538,42.91279676
39097,"Madison County, OH",30,569,"$59,264",0.88,"1,356",47,2 : 1,-83.40012747,39.89429692
32007,"Elko County, NV",30,540,"$68,480",0.86,"1,331",45,2 : 1,-115.3578839,41.14601583
35015,"Eddy County, NM",30,656,"$77,696",0.97,"1,261",55,2 : 1,-104.3041733,32.47155056
39149,"Shelby County, OH",30,670,"$70,016",1.17,"1,242",56,2 : 1,-84.20440063,40.33212183
47105,"Loudon County, TN",30,170,"$57,088",0.37,"1,222",14,2 : 1,-84.31125324,35.73514674
21029,"Bullitt County, KY",30,211,"$46,720",0.36,"1,165",18,3 : 1,-85.69808753,37.97000785
19139,"Muscatine County, IA",30,432,"$78,720",0.71,"1,094",36,2 : 1,-91.11279575,41.48388139
19125,"Marion County, IA",30,453,"$92,928",0.95,"1,093",38,2 : 1,-93.09934783,41.33445101
18177,"Wayne County, IN",30,303,"$64,896",0.35,"1,084",25,2 : 1,-85.00991888,39.86440062
17029,"Coles County, IL",30,129,"$76,032",0.40,"1,030",11,2 : 1,-88.22141023,39.52086003
32019,"Lyon County, NV",30,216,"$67,456",0.54,"1,008",18,2 : 1,-119.1886954,39.01991047
5145,"White County, AR",30,166,"$35,712",0.33,999,14,2 : 1,-91.74548804,35.25612459
50001,"Addison County, VT",30,229,"$75,136",0.68,984,19,2 : 1,-73.14089327,44.03090072
50025,"Windham County, VT",30,152,"$114,432",0.39,926,13,2 : 1,-72.71377523,42.99053464
37161,"Rutherford County, NC",30,115,"$82,816",0.28,916,10,4 : 1,-81.92041527,35.4018617
56005,"Campbell County, WY",30,295,"$68,992",0.59,903,25,2 : 1,-105.5484733,44.24806602
48213,"Henderson County, TX",30,171,"$100,224",0.32,877,14,1 : 1,-95.85377795,32.21224151
55031,"Douglas County, WI",30,131,"$66,944",0.79,862,11,1 : 1,-91.91618868,46.43292074
12023,"Columbia County, FL",30,201,"$73,600",0.29,848,17,2 : 1,-82.62162029,30.22445638
8119,"Teller County, CO",30,226,"$100,736",0.77,830,19,2 : 1,-105.1619203,38.88227296
16017,"Bonner County, ID",30,87,"$51,968",0.35,826,7,2 : 1,-116.6009928,48.2996896
18145,"Shelby County, IN",30,140,"$77,184",0.36,823,12,4 : 1,-85.79146519,39.52312646
40137,"Stephens County, OK",30,125,"$85,248",0.64,792,10,2 : 1,-97.85148899,34.48542286
16011,"Bingham County, ID",30,89,"$51,328",0.56,765,7,2 : 1,-112.3976535,43.21643996
31141,"Platte County, NE",30,218,"$80,128",0.74,725,18,2 : 1,-97.52073009,41.57115154
27007,"Beltrami County, MN",30,123,"$74,496",0.37,717,10,2 : 1,-94.93765473,47.97364569
36039,"Greene County, NY",30,128,"$76,544",0.40,694,11,2 : 1,-74.12279549,42.27638026
39021,"Champaign County, OH",30,123,"$68,864",0.52,689,10,2 : 1,-83.76966912,40.13766698
37055,"Dare County, NC",30,62,"$59,392",0.23,659,5,1 : 1,-75.78245555,35.7632084
47053,"Gibson County, TN",30,41,"$53,248",0.24,657,3,1 : 1,-88.93264081,35.99666265
51750,"Radford City County, VA",30,302,"$128,768",1.21,655,25,2 : 1,-80.55838396,37.12313924
40019,"Carter County, OK",30,82,"$67,840",0.25,648,7,2 : 1,-97.28589218,34.25090173
48015,"Austin County, TX",30,71,"$39,424",0.49,608,6,1 : 1,-96.27800561,29.88707804
12119,"Sumter County, FL",30,202,"$56,448",0.28,583,17,2 : 1,-82.08128977,28.70520781
40097,"Mayes County, OK",30,170,"$58,112",0.52,582,14,2 : 1,-95.23132466,36.30176119
16051,"Jefferson County, ID",30,24,"$43,264",0.54,579,2,2 : 1,-112.3114205,43.82027224
20111,"Lyon County, KS",30,149,"$56,960",0.55,579,12,2 : 1,-96.15280427,38.45580918
54029,"Hancock County, WV",30,124,"$70,016",0.42,570,10,1 : 1,-80.57390126,40.52189394
47117,"Marshall County, TN",30,135,"$53,376",0.59,569,11,2 : 1,-86.76591028,35.46843385
17103,"Lee County, IL",30,200,"$68,864",0.64,568,17,2 : 1,-89.29939757,41.74622905
37197,"Yadkin County, NC",30,91,"$48,000",0.47,559,8,5 : 1,-80.66532457,36.1604416
49051,"Wasatch County, UT",30,236,"$56,832",0.81,554,20,3 : 1,-111.169609,40.33064897
55015,"Calumet County, WI",30,135,"$60,288",0.47,546,11,2 : 1,-88.21780273,44.0816316
47047,"Fayette County, TN",30,64,"$51,072",0.35,545,5,3 : 1,-89.41493045,35.19709994
48459,"Upshur County, TX",30,22,"$48,000",0.19,534,2,1 : 1,-94.94114818,32.73670474
48013,"Atascosa County, TX",30,220,"$129,920",0.66,501,18,1 : 1,-98.52716292,28.89331115
50005,"Caledonia County, VT",30,73,"$105,344",0.33,494,6,3 : 1,-72.10243367,44.46487758
51127,"New Kent County, VA",30,71,"$109,440",0.37,492,6,2 : 1,-76.9971687,37.50499104
19187,"Webster County, IA",30,212,"$71,552",0.60,472,18,2 : 1,-94.18176099,42.42794934
1017,"Chambers County, AL",30,54,"$55,936",0.25,464,5,2 : 1,-85.39168915,32.91366622
54011,"Cabell County, WV",30,505,"$88,448",0.58,458,42,2 : 1,-82.24144949,38.42049789
22075,"Plaquemines Parish, LA",30,204,"$65,920",0.82,456,17,3 : 1,-89.62329285,29.43435182
1021,"Chilton County, AL",30,100,"$73,088",0.43,447,8,3 : 1,-86.71887934,32.84771004
18083,"Knox County, IN",30,130,"$64,128",0.34,444,11,2 : 1,-87.41778158,38.68954718
29145,"Newton County, MO",30,46,"$63,872",0.34,433,4,2 : 1,-94.33946172,36.90518568
19157,"Poweshiek County, IA",30,114,"$65,152",0.54,428,10,2 : 1,-92.53097077,41.68657418
13311,"White County, GA",30,24,"$52,096",0.20,425,2,1 : 1,-83.74657149,34.64590613
31001,"Adams County, NE",30,188,"$85,376",0.68,423,16,2 : 1,-98.50117804,40.5244942
2130,"Ketchikan Gateway Borough, AK",30,111,"$91,392",0.49,414,9,2 : 1,-130.9369511,55.58672276
39127,"Perry County, OH",30,57,"$73,088",0.43,413,5,2 : 1,-82.23618289,39.73723959
29167,"Polk County, MO",30,65,"$121,088",0.28,408,5,2 : 1,-93.40034649,37.61649452
39117,"Morrow County, OH",30,30,"$49,920",0.31,405,3,3 : 1,-82.79458938,40.52405935
46035,"Davison County, SD",30,142,"$68,480",0.48,399,12,2 : 1,-98.14543668,43.67475843
48281,"Lampasas County, TX",30,23,"$109,568",0.20,392,2,3 : 1,-98.2416756,31.19624807
19149,"Plymouth County, IA",30,88,"$64,000",0.44,374,7,2 : 1,-96.21424951,42.73735704
26143,"Roscommon County, MI",30,15,"$48,512",0.18,316,1,2 : 1,-84.61141537,44.33547916
46093,"Meade County, SD",30,81,"$87,296",0.48,305,7,2 : 1,-102.7166458,44.56667531
13299,"Ware County, GA",30,11,"$214,100",0.08,304,1,1 : 1,-82.42364479,31.05375667
21215,"Spencer County, KY",30,11,"$41,472",0.23,304,1,2 : 1,-85.32910919,38.03276996
56007,"Carbon County, WY",30,126,"$58,112",0.51,303,11,2 : 1,-106.9303916,41.69413999
47025,"Claiborne County, TN",30,45,"$85,888",0.25,300,4,3 : 1,-83.66072369,36.48575666
39031,"Coshocton County, OH",30,128,"$52,224",1.07,297,11,3 : 1,-81.91980212,40.30215268
45011,"Barnwell County, SC",30,51,"$57,984",0.45,297,4,1 : 1,-81.43543848,33.26610854
12051,"Hendry County, FL",30,67,"$50,048",0.42,295,6,2 : 1,-81.16511547,26.55374425
26031,"Cheboygan County, MI",30,14,"$75,000",0.15,290,1,1 : 1,-84.50065611,45.44701265
48219,"Hockley County, TX",30,42,"$66,816",0.31,274,4,5 : 1,-102.3431676,33.60771256
27013,"Blue Earth County, MN",30,515,"$73,088",0.65,272,43,2 : 1,-94.06697737,44.03450234
22095,"St. John the Baptist Parish, LA",30,314,"$100,224",0.98,270,26,4 : 1,-90.47063317,30.12694792
16031,"Cassia County, ID",30,47,"$92,416",0.28,265,4,2 : 1,-113.6013217,42.28381567
40073,"Kingfisher County, OK",30,35,"$51,712",0.28,262,3,2 : 1,-97.94153042,35.94535722
55019,"Clark County, WI",30,60,"$72,960",0.78,261,5,2 : 1,-90.61207484,44.73483376
28137,"Tate County, MS",30,77,"$37,376",0.62,255,6,1 : 1,-89.94520436,34.65069529
12003,"Baker County, FL",30,41,"$44,160",0.27,254,3,4 : 1,-82.28452499,30.3309289
29121,"Macon County, MO",30,9,"$89,856",0.17,253,1,1 : 1,-92.56453089,39.83049768
51053,"Dinwiddie County, VA",30,25,"$47,872",0.34,241,2,1 : 1,-77.63238876,37.07597757
45033,"Dillon County, SC",30,68,"$47,104",0.67,232,6,2 : 1,-79.37858369,34.39138915
8003,"Alamosa County, CO",30,62,"$87,808",0.46,229,5,1 : 1,-105.788359,37.57261807
55011,"Buffalo County, WI",30,20,"$54,272",0.48,227,2,3 : 1,-91.75475095,44.38005523
49023,"Juab County, UT",30,37,"$36,352",0.62,217,3,2 : 1,-112.7847328,39.70284831
8075,"Logan County, CO",30,36,"$59,136",0.28,217,3,2 : 1,-103.1101132,40.72463929
40089,"McCurtain County, OK",30,32,"$49,664",0.24,214,3,1 : 1,-94.77145458,34.1162239
21079,"Garrard County, KY",30,18,"$125,184",0.35,212,2,5 : 1,-84.53826255,37.63999075
22067,"Morehouse Parish, LA",30,31,"$39,296",0.39,211,3,2 : 1,-91.80211171,32.82009241
13303,"Washington County, GA",30,60,"$45,440",0.48,206,5,1 : 1,-82.79573433,32.96958544
40133,"Seminole County, OK",30,39,"$39,424",0.35,205,3,2 : 1,-96.61546183,35.1672074
48133,"Eastland County, TX",30,13,"$142,500",0.16,203,1,1 : 1,-98.83243566,32.32743996
35006,"Cibola County, NM",30,72,"$58,240",0.40,197,6,1 : 1,-107.9992972,34.91240949
5043,"Drew County, AR",30,27,"$70,016",0.32,193,2,1 : 1,-91.71972855,33.58957425
8047,"Gilpin County, CO",30,49,"$59,904",0.18,186,4,2 : 1,-105.5221395,39.85721134
27127,"Redwood County, MN",30,26,"$49,920",0.46,184,2,2 : 1,-95.25398841,44.40365018
26053,"Gogebic County, MI",30,36,"$52,224",0.31,183,3,1 : 1,-89.69437271,46.40885281
56009,"Converse County, WY",30,79,"$64,256",0.55,183,7,2 : 1,-105.5077277,42.9722826
17005,"Bond County, IL",30,39,"$92,416",0.54,177,3,2 : 1,-89.43566372,38.88688243
5003,"Ashley County, AR",30,93,"$108,928",1.44,174,8,1 : 1,-91.76814114,33.19120398
13011,"Banks County, GA",30,43,"$35,328",0.36,172,4,3 : 1,-83.49753835,34.35397657
17145,"Perry County, IL",30,30,"$72,960",0.51,169,3,3 : 1,-89.36728052,38.08436666
22059,"La Salle Parish, LA",30,19,"$42,240",0.36,166,2,1 : 1,-92.16043106,31.67707521
48043,"Brewster County, TX",30,35,"$44,544",0.41,162,3,2 : 1,-103.2522656,29.81174561
38057,"Mercer County, ND",30,44,"$72,448",0.92,159,4,1 : 1,-101.8317306,47.30905996
13281,"Towns County, GA",30,6,"$205,920",0.16,145,1,1 : 1,-83.73739141,34.91666684
51007,"Amelia County, VA",30,14,"$66,304",0.33,141,1,2 : 1,-77.9752747,37.33550025
37073,"Gates County, NC",30,6,"$156,000",0.18,137,1,3 : 1,-76.70046305,36.44475497
28153,"Wayne County, MS",30,4,"$25,750",0.15,131,0,2 : 1,-88.69588404,31.64077954
21091,"Hancock County, KY",30,86,"$109,312",1.82,129,7,2 : 1,-86.77804483,37.84153525
50013,"Grand Isle County, VT",30,15,"$72,688",0.95,128,1,3 : 1,-73.29488547,44.79689986
12013,"Calhoun County, FL",30,37,"$87,296",0.56,123,3,2 : 1,-85.19679907,30.40604523
12125,"Union County, FL",30,30,"$44,928",0.38,120,3,3 : 1,-82.37209886,30.04340869
31179,"Wayne County, NE",30,37,"$84,736",0.76,109,3,2 : 1,-97.11926964,42.20934475
19089,"Howard County, IA",30,19,"$79,104",0.27,108,2,2 : 1,-92.31710205,43.35677003
20181,"Sherman County, KS",30,11,"$33,280",0.31,103,1,2 : 1,-101.7197684,39.35147377
48111,"Dallam County, TX",30,40,"$36,480",0.69,94,3,2 : 1,-102.6021107,36.27789187
48279,"Lamb County, TX",30,23,"$48,384",0.41,92,2,1 : 1,-102.3516289,34.06859623
8055,"Huerfano County, CO",30,7,"$31,200",0.26,82,1,3 : 1,-104.9607082,37.68484082
48175,"Goliad County, TX",30,17,"$64,768",0.95,76,1,1 : 1,-97.42628751,28.65724851
47083,"Houston County, TN",30,16,"$69,888",0.36,75,1,1 : 1,-87.71768095,36.28616631
53051,"Pend Oreille County, WA",30,44,"$35,328",0.50,62,4,2 : 1,-117.2738324,48.53235595
31169,"Thayer County, NE",30,26,"$47,360",0.80,53,2,2 : 1,-97.59506372,40.17621044
5099,"Nevada County, AR",30,9,"$32,760",0.37,46,1,1 : 1,-93.30697684,33.66338522
17071,"Henderson County, IL",30,8,"$39,520",0.45,44,1,2 : 1,-90.92497453,40.81804873
30101,"Toole County, MT",30,31,"$83,712",0.56,44,3,2 : 1,-111.6959501,48.65534485
8011,"Bent County, CO",30,4,"$60,477",0.25,40,0,2 : 1,-103.0720227,37.95492416
48411,"San Saba County, TX",30,18,"$54,912",0.47,27,2,1 : 1,-98.81731955,31.15502115
38063,"Nelson County, ND",30,44,"$85,248",1.39,24,4,1 : 1,-98.19212605,47.92171706
38051,"McIntosh County, ND",30,7,"$36,352",0.93,17,1,1 : 1,-99.4414601,46.11180534
36061,"New York County, NY",29,"89,546","$129,920",1.58,"399,650","7,462",2 : 1,-73.97166722,40.7721053
6075,"San Francisco County, CA",29,"41,702","$150,272",1.87,"267,014","3,475",3 : 1,-122.4396708,37.75668116
25025,"Suffolk County, MA",29,"42,334","$125,184",1.57,"156,685","3,528",2 : 1,-71.07033478,42.33340065
25017,"Middlesex County, MA",29,"45,829","$109,952",1.50,"112,060","3,819",2 : 1,-71.39262102,42.48584344
13135,"Gwinnett County, GA",29,"6,970","$80,256",0.75,"39,113",581,2 : 1,-84.02400746,33.9614268
20091,"Johnson County, KS",29,"13,091","$85,888",0.99,"36,475","1,091",3 : 1,-94.82256945,38.88370015
36029,"Erie County, NY",29,"9,437","$80,256",0.78,"33,147",786,3 : 1,-78.73230753,42.76409998
16001,"Ada County, ID",29,"16,634","$106,368",1.43,"28,299","1,386",3 : 1,-116.241035,43.45084054
48339,"Montgomery County, TX",29,"2,729","$94,592",0.71,"27,420",227,2 : 1,-95.50331613,30.30019889
10003,"New Castle County, DE",29,"9,815","$122,752",1.48,"27,162",818,2 : 1,-75.64791441,39.58150592
8013,"Boulder County, CO",29,"8,962","$108,416",1.26,"25,656",747,2 : 1,-105.3574574,40.09241482
8069,"Larimer County, CO",29,"5,366","$87,424",0.83,"23,687",447,2 : 1,-105.4615545,40.6665145
33011,"Hillsborough County, NH",29,"7,373","$100,224",0.96,"23,447",614,2 : 1,-71.71602867,42.9153307
36119,"Westchester County, NY",29,"7,969","$109,440",0.81,"22,296",664,2 : 1,-73.75591281,41.16176335
48141,"El Paso County, TX",29,"3,388","$63,104",0.49,"19,407",282,4 : 1,-106.2352418,31.76884214
55133,"Waukesha County, WI",29,"5,953","$82,816",0.83,"18,854",496,3 : 1,-88.30430125,43.01833546
5119,"Pulaski County, AR",29,"9,507","$107,392",1.08,"16,713",792,2 : 1,-92.31191414,34.76993891
6083,"Santa Barbara County, CA",29,"4,801","$101,120",0.89,"15,721",400,2 : 1,-120.0150919,34.67142103
33015,"Rockingham County, NH",29,"3,493","$85,888",0.68,"14,855",291,2 : 1,-71.12556353,42.98749699
25013,"Hampden County, MA",29,"3,540","$95,104",0.51,"13,666",295,2 : 1,-72.63119338,42.13509064
17019,"Champaign County, IL",29,"1,981","$70,016",0.68,"13,647",165,2 : 1,-88.19947606,40.13984863
2020,"Anchorage Borough, AK",29,"4,951","$88,960",0.80,"12,940",413,4 : 1,-149.1118883,61.15068906
48041,"Brazos County, TX",29,"2,384","$63,104",0.70,"12,557",199,3 : 1,-96.30208322,30.66074221
49011,"Davis County, UT",29,"3,493","$91,520",1.06,"12,290",291,3 : 1,-112.1116607,40.99072955
13051,"Chatham County, GA",29,"5,275","$85,376",0.65,"11,757",440,3 : 1,-81.13247732,32.00445256
41039,"Lane County, OR",29,"2,647","$76,672",0.51,"11,425",221,2 : 1,-122.8473327,43.93889441
39017,"Butler County, OH",29,"2,532","$72,576",0.58,"11,339",211,2 : 1,-84.57607723,39.43897921
6087,"Santa Cruz County, CA",29,"1,955","$104,192",0.76,"11,089",163,2 : 1,-122.0017742,37.0561908
55009,"Brown County, WI",29,"3,744","$75,136",0.72,"10,944",312,2 : 1,-88.00366602,44.452501
6113,"Yolo County, CA",29,"3,041","$87,296",0.88,"10,460",253,3 : 1,-121.9015118,38.68648941
6079,"San Luis Obispo County, CA",29,"1,798","$85,760",0.59,"10,249",150,2 : 1,-120.4042917,35.38707354
26139,"Ottawa County, MI",29,"2,213","$74,624",0.70,"10,169",184,2 : 1,-85.9964531,42.95990607
42027,"Centre County, PA",29,"1,973","$81,792",1.31,"9,944",164,1 : 1,-77.81986792,40.91933775
48027,"Bell County, TX",29,"1,954","$76,672",0.44,"9,839",163,3 : 1,-97.47823134,31.03762665
12033,"Escambia County, FL",29,"2,871","$92,032",0.87,"9,794",239,2 : 1,-87.36273986,30.66830369
13245,"Richmond County, GA",29,"4,244","$91,008",0.86,"8,882",354,2 : 1,-82.07386121,33.35950332
46099,"Minnehaha County, SD",29,"3,664","$75,648",0.65,"8,772",305,2 : 1,-96.7914546,43.67413367
53005,"Benton County, WA",29,"2,033","$110,848",1.42,"8,568",169,2 : 1,-119.5113335,46.23976031
8014,"Broomfield County, CO",29,"1,960","$115,456",1.48,"8,408",163,2 : 1,-105.0532651,39.95343909
12091,"Okaloosa County, FL",29,"2,753","$95,616",1.22,"8,336",229,2 : 1,-86.59219666,30.69101554
48303,"Lubbock County, TX",29,"1,951","$62,336",0.45,"8,303",163,5 : 1,-101.8204789,33.61008596
29077,"Greene County, MO",29,"3,946","$84,352",0.65,"8,267",329,2 : 1,-93.34188307,37.25758647
55087,"Outagamie County, WI",29,"2,847","$68,992",0.82,"8,106",237,2 : 1,-88.46565023,44.41578887
53073,"Whatcom County, WA",29,520,"$91,392",0.52,"7,858",43,1 : 1,-121.7209525,48.82595321
12097,"Osceola County, FL",29,"1,197","$68,992",0.38,"7,567",100,3 : 1,-81.14924253,28.06245875
19169,"Story County, IA",29,"1,344","$79,744",0.94,"7,174",112,2 : 1,-93.46499005,42.03621213
41003,"Benton County, OR",29,"1,211","$75,136",0.77,"7,073",101,2 : 1,-123.428743,44.49161157
22103,"St. Tammany Parish, LA",29,647,"$62,336",0.32,"6,735",54,3 : 1,-89.95737111,30.40987792
25015,"Hampshire County, MA",29,"1,083","$75,008",0.54,"6,700",90,2 : 1,-72.66378659,42.34022511
24037,"St. Mary's County, MD",29,"3,907","$109,824",3.17,"6,556",326,2 : 1,-76.60613989,38.3016848
41017,"Deschutes County, OR",29,"1,115","$85,376",0.62,"6,394",93,2 : 1,-121.227881,43.91469217
42019,"Butler County, PA",29,"1,628","$53,888",0.74,"6,221",136,2 : 1,-79.91342345,40.91176277
13153,"Houston County, GA",29,"1,410","$93,568",0.94,"6,107",118,2 : 1,-83.66625831,32.45919716
49005,"Cache County, UT",29,622,"$57,216",0.92,"6,071",52,2 : 1,-111.743741,41.72255404
45051,"Horry County, SC",29,434,"$45,952",0.21,"5,972",36,2 : 1,-78.99657939,33.92139357
13215,"Muscogee County, GA",29,"2,081","$95,104",0.63,"5,499",173,2 : 1,-84.87620281,32.51001825
37097,"Iredell County, NC",29,"1,378","$80,768",0.57,"5,443",115,2 : 1,-80.87332588,35.8068797
39133,"Portage County, OH",29,711,"$61,312",0.43,"5,282",59,3 : 1,-81.19736816,41.16790847
37133,"Onslow County, NC",29,529,"$89,984",0.40,"5,226",44,2 : 1,-77.42736897,34.72975141
12005,"Bay County, FL",29,"1,180","$82,816",0.70,"5,218",98,2 : 1,-85.62005473,30.26520819
26145,"Saginaw County, MI",29,751,"$77,696",0.56,"5,031",63,2 : 1,-84.0526996,43.33526107
16019,"Bonneville County, ID",29,"1,408","$111,488",1.29,"4,651",117,2 : 1,-111.6147928,43.38792191
55131,"Washington County, WI",29,929,"$76,032",0.61,"4,336",77,3 : 1,-88.23041319,43.36887792
39173,"Wood County, OH",29,"1,669","$76,672",0.81,"4,130",139,4 : 1,-83.62311366,41.36160162
13139,"Hall County, GA",29,808,"$60,032",0.37,"3,957",67,2 : 1,-83.819838,34.31734176
4003,"Cochise County, AZ",29,"1,394","$78,208",1.56,"3,884",116,2 : 1,-109.7510129,31.87959362
26121,"Muskegon County, MI",29,817,"$67,968",0.55,"3,781",68,2 : 1,-86.1519783,43.2913812
49053,"Washington County, UT",29,264,"$76,160",0.40,"3,575",22,2 : 1,-113.5045338,37.28047916
22005,"Ascension Parish, LA",29,932,"$96,640",0.82,"3,325",78,3 : 1,-90.91101939,30.20335229
8101,"Pueblo County, CO",29,"1,003","$80,256",0.44,"3,306",84,2 : 1,-104.5124892,38.17377693
54003,"Berkeley County, WV",29,491,"$92,032",0.87,"3,221",41,2 : 1,-78.0274399,39.46408048
2090,"Fairbanks North Star Borough, AK",29,879,"$88,960",0.83,"2,897",73,2 : 1,-146.5623662,64.8083752
21093,"Hardin County, KY",29,641,"$68,992",0.54,"2,896",53,2 : 1,-85.96366674,37.69820941
18067,"Howard County, IN",29,360,"$66,944",0.49,"2,834",30,2 : 1,-86.1167092,40.48362355
51740,"Portsmouth City County, VA",29,785,"$89,472",0.59,"2,693",65,3 : 1,-76.35396761,36.84646209
36069,"Ontario County, NY",29,690,"$67,456",0.48,"2,675",58,2 : 1,-77.29986178,42.85304122
22063,"Livingston Parish, LA",29,222,"$93,568",0.38,"2,592",19,5 : 1,-90.72765311,30.44023061
39023,"Clark County, OH",29,667,"$79,232",0.57,"2,592",56,2 : 1,-83.78354054,39.91660044
13247,"Rockdale County, GA",29,619,"$46,720",0.62,"2,528",52,2 : 1,-84.02657025,33.65414105
28035,"Forrest County, MS",29,455,"$82,304",0.55,"2,521",38,2 : 1,-89.25794407,31.18899065
13217,"Newton County, GA",29,312,"$75,136",0.48,"2,473",26,2 : 1,-83.85005873,33.55492575
56025,"Natrona County, WY",29,479,"$64,768",0.54,"2,389",40,2 : 1,-106.7988764,42.96194049
53021,"Franklin County, WA",29,298,"$68,864",0.57,"2,382",25,3 : 1,-118.8984754,46.5350455
53029,"Island County, WA",29,192,"$112,384",0.52,"2,379",16,2 : 1,-122.5493921,48.16376089
48479,"Webb County, TX",29,866,"$55,168",0.39,"2,310",72,5 : 1,-99.33173804,27.76103224
37191,"Wayne County, NC",29,200,"$63,616",0.27,"2,190",17,1 : 1,-78.00407767,35.36389637
39003,"Allen County, OH",29,520,"$75,648",0.66,"2,159",43,2 : 1,-84.10584177,40.77151716
45085,"Sumter County, SC",29,493,"$64,896",0.64,"2,093",41,2 : 1,-80.38227873,33.91600797
55055,"Jefferson County, WI",29,475,"$62,592",0.50,"2,058",40,2 : 1,-88.77532763,43.02053192
55141,"Wood County, WI",29,261,"$64,896",0.50,"1,903",22,1 : 1,-90.0416185,44.45535331
48469,"Victoria County, TX",29,185,"$45,696",0.37,"1,850",15,1 : 1,-96.97135956,28.7960712
34011,"Cumberland County, NJ",29,325,"$81,664",0.41,"1,764",27,2 : 1,-75.11135485,39.37323951
49003,"Box Elder County, UT",29,430,"$99,712",1.55,"1,533",36,3 : 1,-113.0821456,41.52095018
45055,"Kershaw County, SC",29,118,"$54,912",0.26,"1,522",10,2 : 1,-80.5903514,34.33859234
45037,"Edgefield County, SC",29,53,"$54,016",0.38,"1,519",4,2 : 1,-81.9661657,33.77224819
47031,"Coffee County, TN",29,379,"$62,336",0.62,"1,492",32,2 : 1,-86.07559709,35.49021487
55093,"Pierce County, WI",29,173,"$59,008",0.54,"1,456",14,2 : 1,-92.42212486,44.71909741
16083,"Twin Falls County, ID",29,296,"$50,304",0.45,"1,434",25,2 : 1,-114.6681729,42.35608428
22089,"St. Charles Parish, LA",29,627,"$88,960",1.13,"1,420",52,4 : 1,-90.35781296,29.90559494
13285,"Troup County, GA",29,417,"$70,528",0.53,"1,279",35,2 : 1,-85.02873581,33.03346388
6045,"Mendocino County, CA",29,208,"$78,080",0.37,"1,266",17,2 : 1,-123.3914743,39.44027921
49043,"Summit County, UT",29,490,"$84,352",0.45,"1,264",41,2 : 1,-110.9558542,40.86838131
48497,"Wise County, TX",29,155,"$61,056",0.44,"1,213",13,2 : 1,-97.65458625,33.215766
50021,"Rutland County, VT",29,312,"$57,472",0.55,"1,178",26,2 : 1,-73.03669897,43.57983752
37037,"Chatham County, NC",29,290,"$87,424",0.61,"1,173",24,2 : 1,-79.25545829,35.70266277
37157,"Rockingham County, NC",29,302,"$85,888",0.47,"1,172",25,4 : 1,-79.77527984,36.39621434
48099,"Coryell County, TX",29,111,"$52,096",0.30,"1,164",9,2 : 1,-97.79936155,31.39078397
45075,"Orangeburg County, SC",29,"1,746","$95,104",1.08,"1,133",146,2 : 1,-80.80086358,33.43921301
17001,"Adams County, IL",29,243,"$80,128",0.52,"1,120",20,2 : 1,-91.18842478,39.98808185
18071,"Jackson County, IN",29,180,"$67,456",0.46,"1,067",15,2 : 1,-86.03756074,38.90634215
22045,"Iberia Parish, LA",29,180,"$52,096",0.40,"1,057",15,2 : 1,-91.73103405,29.89484111
39027,"Clinton County, OH",29,359,"$75,136",0.62,"1,047",30,2 : 1,-83.80825529,39.41489655
18037,"Dubois County, IN",29,198,"$39,040",0.43,"1,022",17,2 : 1,-86.87970258,38.36427783
32005,"Douglas County, NV",29,316,"$80,768",0.52,"1,016",26,2 : 1,-119.6162086,38.91213378
20169,"Saline County, KS",29,336,"$77,056",0.73,967,28,2 : 1,-97.65012272,38.78394989
36057,"Montgomery County, NY",29,67,"$87,296",0.35,966,6,2 : 1,-74.43985937,42.90217659
1121,"Talladega County, AL",29,310,"$60,288",0.47,962,26,2 : 1,-86.16587666,33.37992421
12055,"Highlands County, FL",29,117,"$45,696",0.22,961,10,2 : 1,-81.34078347,27.3428855
4017,"Navajo County, AZ",29,139,"$57,216",0.30,956,12,1 : 1,-110.3213121,35.39960537
33019,"Sullivan County, NH",29,188,"$63,616",0.29,927,16,2 : 1,-72.22243767,43.36150987
8117,"Summit County, CO",29,125,"$70,400",0.29,893,10,1 : 1,-106.1163363,39.63420352
18183,"Whitley County, IN",29,425,"$58,240",1.14,884,35,4 : 1,-85.50505208,41.13932767
51730,"Petersburg City County, VA",29,481,"$97,536",0.59,870,40,2 : 1,-77.3926205,37.20404153
18137,"Ripley County, IN",29,241,"$90,368",0.99,833,20,2 : 1,-85.2624907,39.10311351
47063,"Hamblen County, TN",29,272,"$62,336",0.44,832,23,2 : 1,-83.26632471,36.2171435
21035,"Calloway County, KY",29,55,"$34,688",0.31,811,5,2 : 1,-88.27216962,36.62088413
29169,"Pulaski County, MO",29,95,"$106,368",0.62,784,8,1 : 1,-92.20749866,37.82458658
51001,"Accomack County, VA",29,293,"$99,200",1.14,762,24,1 : 1,-75.63628772,37.76647217
13225,"Peach County, GA",29,164,"$50,048",0.56,746,14,2 : 1,-83.82790492,32.56840679
39123,"Ottawa County, OH",29,148,"$68,864",0.40,740,12,3 : 1,-83.10923872,41.5370554
48053,"Burnet County, TX",29,177,"$64,896",0.39,726,15,2 : 1,-98.18244138,30.78852336
23013,"Knox County, ME",29,208,"$107,264",0.57,722,17,4 : 1,-69.15278458,44.12441708
32023,"Nye County, NV",29,184,"$93,056",0.56,721,15,2 : 1,-116.47176,38.04212846
48277,"Lamar County, TX",29,157,"$94,976",0.43,701,13,2 : 1,-95.57108168,33.6672152
55045,"Green County, WI",29,274,"$52,608",0.61,676,23,2 : 1,-89.60216504,42.67994609
40071,"Kay County, OK",29,76,"$72,448",0.33,664,6,2 : 1,-97.1438723,36.81795089
40123,"Pontotoc County, OK",29,126,"$54,912",0.41,664,11,1 : 1,-96.68450952,34.72795889
20113,"McPherson County, KS",29,231,"$59,904",0.92,650,19,2 : 1,-97.64761598,38.39187087
26027,"Cass County, MI",29,86,"$64,256",0.32,619,7,1 : 1,-85.99403741,41.91545547
51117,"Mecklenburg County, VA",29,180,"$89,344",1.20,619,15,2 : 1,-78.3626113,36.68047202
29219,"Warren County, MO",29,42,"$127,872",0.36,618,4,2 : 1,-91.16024978,38.76446133
27095,"Mille Lacs County, MN",29,60,"$69,888",0.37,591,5,1 : 1,-93.62993103,45.9373852
55083,"Oconto County, WI",29,66,"$50,176",0.41,587,6,2 : 1,-88.26895246,45.02616558
21239,"Woodford County, KY",29,66,"$80,256",0.27,573,6,3 : 1,-84.74341301,38.04257558
18129,"Posey County, IN",29,293,"$77,696",1.08,565,24,2 : 1,-87.86874523,38.02193911
31025,"Cass County, NE",29,95,"$54,784",0.47,544,8,7 : 1,-96.14069252,40.90976087
35053,"Socorro County, NM",29,173,"$72,448",1.04,537,14,2 : 1,-106.9307263,34.00682919
22047,"Iberville Parish, LA",29,524,"$114,560",1.29,528,44,3 : 1,-91.3485086,30.25819586
27005,"Becker County, MN",29,104,"$69,888",0.31,528,9,2 : 1,-95.67483556,46.93523736
31177,"Washington County, NE",29,241,"$60,160",0.92,518,20,4 : 1,-96.22188779,41.53110052
55029,"Door County, WI",29,123,"$57,472",0.53,509,10,2 : 1,-87.31112969,44.95030522
19111,"Lee County, IA",29,93,"$85,888",0.49,508,8,2 : 1,-91.47949968,40.64219925
35055,"Taos County, NM",29,75,"$65,792",0.28,491,6,2 : 1,-105.630976,36.57834262
19011,"Benton County, IA",29,40,"$61,824",0.23,477,3,2 : 1,-92.06463573,42.08011739
48465,"Val Verde County, TX",29,56,"$54,912",0.40,473,5,2 : 1,-101.1521556,29.89249412
31111,"Lincoln County, NE",29,137,"$76,160",0.46,446,11,2 : 1,-100.7452801,41.04750134
27039,"Dodge County, MN",29,73,"$57,088",0.40,436,6,2 : 1,-92.86236786,44.02229546
39069,"Henry County, OH",29,102,"$69,888",0.50,436,9,2 : 1,-84.06830637,41.3339642
48249,"Jim Wells County, TX",29,54,"$55,168",0.26,421,5,1 : 1,-98.08997801,27.73123346
47183,"Weakley County, TN",29,41,"$42,752",0.38,401,3,1 : 1,-88.71817942,36.29822836
49039,"Sanpete County, UT",29,25,"$79,616",0.49,395,2,1 : 1,-111.5763852,39.37372605
48007,"Aransas County, TX",29,43,"$55,552",0.28,383,4,16 : 1,-96.99699873,28.11898396
22093,"St. James Parish, LA",29,164,"$99,072",0.97,373,14,2 : 1,-90.79581459,30.02623427
48227,"Howard County, TX",29,101,"$60,544",0.37,372,8,2 : 1,-101.4356444,32.30621324
12075,"Levy County, FL",29,36,"$39,552",0.18,368,3,2 : 1,-82.74249558,29.31952768
37009,"Ashe County, NC",29,23,"$74,496",0.21,365,2,1 : 1,-81.50052459,36.43415234
38093,"Stutsman County, ND",29,183,"$67,840",0.80,364,15,2 : 1,-98.95894925,46.97927215
26035,"Clare County, MI",29,68,"$48,512",0.40,358,6,2 : 1,-84.84810751,43.9879198
18021,"Clay County, IN",29,34,"$46,280",0.29,356,3,2 : 1,-87.11576766,39.39291835
19191,"Winneshiek County, IA",29,33,"$88,448",0.28,346,3,1 : 1,-91.84475831,43.29085957
48067,"Cass County, TX",29,140,"$126,336",0.89,346,12,1 : 1,-94.34317524,33.07772099
26069,"Iosco County, MI",29,24,"$48,384",0.26,343,2,2 : 1,-83.63669002,44.35578542
41049,"Morrow County, OR",29,106,"$53,504",1.20,341,9,2 : 1,-119.5837591,45.41897957
40081,"Lincoln County, OK",29,58,"$72,448",0.44,338,5,2 : 1,-96.88123961,35.7027284
13071,"Colquitt County, GA",29,71,"$39,208",0.36,331,6,4 : 1,-83.76886209,31.18832547
29127,"Marion County, MO",29,106,"$84,224",0.43,306,9,2 : 1,-91.62231175,39.8059363
5015,"Carroll County, AR",29,34,Insf. Data,0.29,282,3,1 : 1,-93.53832319,36.34107901
13147,"Hart County, GA",29,117,"$115,456",0.83,279,10,2 : 1,-82.96402556,34.35058893
19097,"Jackson County, IA",29,77,"$66,944",0.56,246,6,2 : 1,-90.57403934,42.17178419
29007,"Audrain County, MO",29,170,"$81,792",0.84,236,14,2 : 1,-91.84163742,39.21595536
45067,"Marion County, SC",29,17,"$52,096",0.24,236,1,1 : 1,-79.36252998,34.08038363
21193,"Perry County, KY",29,47,"$51,968",0.34,227,4,1 : 1,-83.22147321,37.24414459
13211,"Morgan County, GA",29,143,"$109,952",0.60,226,12,2 : 1,-83.49227858,33.5909479
20041,"Dickinson County, KS",29,47,"$35,360",0.36,221,4,2 : 1,-97.15266036,38.86611825
2261,"Valdez-Cordova Census Area, AK",29,81,"$78,080",0.64,215,7,2 : 1,-144.5019516,61.54964404
18165,"Vermillion County, IN",29,75,"$72,576",0.72,207,6,2 : 1,-87.46414164,39.85409324
48463,"Uvalde County, TX",29,15,"$69,888",0.15,205,1,1 : 1,-99.76229172,29.35739637
48503,"Young County, TX",29,26,"$79,232",0.42,204,2,1 : 1,-98.68790885,33.17659707
29055,"Crawford County, MO",29,42,"$122,624",0.73,202,4,1 : 1,-91.30516204,37.97649081
51095,"James City County, VA",29,675,"$65,152",0.39,199,56,2 : 1,-76.77717182,37.32794596
17165,"Saline County, IL",29,45,"$73,472",0.33,197,4,2 : 1,-88.54119706,37.75332999
29053,"Cooper County, MO",29,53,"$122,624",0.28,196,4,1 : 1,-92.80985416,38.84333073
29135,"Moniteau County, MO",29,91,"$122,624",0.87,180,8,1 : 1,-92.58303239,38.63234724
28101,"Newton County, MS",29,26,"$33,408",0.55,179,2,1 : 1,-89.11871108,32.40013897
1007,"Bibb County, AL",29,31,"$62,336",0.37,174,3,2 : 1,-87.12681433,32.99837607
12049,"Hardee County, FL",29,32,"$36,992",0.24,169,3,2 : 1,-81.80953792,27.49319733
17123,"Marshall County, IL",29,36,"$44,544",0.38,166,3,2 : 1,-89.34481931,41.03327407
28025,"Clay County, MS",29,14,"$82,035",0.28,165,1,1 : 1,-88.78154439,33.65579797
40113,"Osage County, OK",29,49,"$41,472",0.48,164,4,1 : 1,-96.3983805,36.62910128
19037,"Chickasaw County, IA",29,50,"$75,520",0.71,163,4,2 : 1,-92.31766909,43.06009652
31151,"Saline County, NE",29,60,"$67,840",0.34,158,5,3 : 1,-97.14080062,40.52415215
19077,"Guthrie County, IA",29,25,"$70,400",0.27,154,2,1 : 1,-94.50111014,41.68378965
20001,"Allen County, KS",29,28,"$74,880",0.44,153,2,1 : 1,-95.30115478,37.88555459
56043,"Washakie County, WY",29,45,"$62,464",0.60,142,4,2 : 1,-107.6823145,43.90437841
16047,"Gooding County, ID",29,15,"$31,200",0.27,135,1,1 : 1,-114.8116615,42.97094353
20117,"Marshall County, KS",29,44,"$94,976",0.80,132,4,1 : 1,-96.52279918,39.78357355
21033,"Caldwell County, KY",29,45,"$66,816",0.70,129,4,2 : 1,-87.86831993,37.14556161
17149,"Pike County, IL",29,46,"$109,056",0.54,123,4,2 : 1,-90.88665915,39.62260409
18111,"Newton County, IN",29,13,"$64,768",0.30,110,1,1 : 1,-87.39778904,40.95571121
22013,"Bienville Parish, LA",29,38,"$85,248",0.49,110,3,2 : 1,-93.05594858,32.34717134
29123,"Madison County, MO",29,3,"$39,000",0.14,95,0,3 : 1,-90.34465099,37.47823462
29067,"Douglas County, MO",29,13,"$56,576",0.41,86,1,2 : 1,-92.49898814,36.93253661
38067,"Pembina County, ND",29,34,"$112,384",1.20,85,3,2 : 1,-97.55156514,48.76726978
56045,"Weston County, WY",29,11,"$57,856",0.34,85,1,1 : 1,-104.5674037,43.84031497
1085,"Lowndes County, AL",29,78,"$56,192",1.07,84,7,2 : 1,-86.65002353,32.1550404
19071,"Fremont County, IA",29,24,"$68,352",0.38,83,2,2 : 1,-95.60475618,40.74556682
48117,"Deaf Smith County, TX",29,32,"$54,912",0.27,77,3,2 : 1,-102.6052738,34.96515022
20029,"Cloud County, KS",29,24,"$33,280",0.73,76,2,2 : 1,-97.64919278,39.48027303
20167,"Russell County, KS",29,4,"$87,000",0.13,76,0,1 : 1,-98.76247878,38.91467637
2290,"Yukon-Koyukuk Census Area, AK",29,41,"$71,424",0.77,75,3,1 : 1,-151.3897031,65.50922918
51111,"Lunenburg County, VA",29,6,"$62,400",0.40,74,1,2 : 1,-78.24084587,36.94606214
16077,"Power County, ID",29,36,"$115,456",0.65,72,3,4 : 1,-112.8410539,42.69368252
38025,"Dunn County, ND",29,26,"$87,424",0.86,58,2,1 : 1,-102.6182871,47.35663619
31175,"Valley County, NE",29,10,"$56,832",0.41,51,1,1 : 1,-98.98208511,41.56723462
31059,"Fillmore County, NE",29,12,"$47,840",0.44,48,1,2 : 1,-97.59646937,40.52458567
32027,"Pershing County, NV",29,70,"$82,688",1.23,40,6,1 : 1,-118.4047657,40.43952288
47137,"Pickett County, TN",29,2,Insf. Data,0.24,30,0,2 : 1,-85.07476517,36.55818853
38065,"Oliver County, ND",29,58,"$62,464",2.08,26,5,2 : 1,-101.3403504,47.115508
8999,"[Colorado, county not reported]",29,"4,761","$115,072",2.16,0,397,1 : 1,#N/A,#N/A
48999,"[Texas, county not reported]",29,"10,364","$130,432",2.60,0,864,1 : 1,#N/A,#N/A
49999,"[Utah, county not reported]",29,"6,595","$112,512",2.10,0,550,2 : 1,#N/A,#N/A
55999,"[Wisconsin, county not reported]",29,"4,986","$120,704",2.29,0,416,1 : 1,#N/A,#N/A
6037,"Los Angeles County, CA",28,"98,722","$115,072",0.95,"408,759","8,227",3 : 1,-118.224703,34.32134579
17031,"Cook County, IL",28,"88,014","$119,680",1.30,"291,825","7,335",3 : 1,-87.81698762,41.84005007
48157,"Fort Bend County, TX",28,"2,943","$77,696",0.60,"240,288",245,2 : 1,-95.77093789,29.52747353
6073,"San Diego County, CA",28,"48,260","$114,048",1.09,"192,269","4,022",3 : 1,-116.7353982,33.03386576
26163,"Wayne County, MI",28,"26,902","$103,296",1.21,"108,481","2,242",2 : 1,-83.28221321,42.28172038
39041,"Delaware County, OH",28,"1,877","$85,376",0.83,"78,054",156,2 : 1,-83.00450275,40.27841348
49035,"Salt Lake County, UT",28,"19,593","$92,032",1.03,"73,137","1,633",2 : 1,-111.9241028,40.66728813
39025,"Clermont County, OH",28,"1,147","$93,568",0.70,"63,397",96,2 : 1,-84.15193439,39.04742036
12109,"St. Johns County, FL",28,970,"$66,944",0.37,"54,982",81,2 : 1,-81.4405388,29.90168542
8005,"Arapahoe County, CO",28,"16,844","$112,512",1.30,"47,447","1,404",3 : 1,-104.3385011,39.649919
48201,"Harris County, TX",28,"68,340","$105,344",1.29,"44,182","5,695",2 : 1,-95.39302715,29.85748873
8041,"El Paso County, CO",28,"16,865","$109,952",1.45,"43,325","1,405",3 : 1,-104.5257538,38.83242336
36055,"Monroe County, NY",28,"8,269","$82,816",0.83,"43,066",689,2 : 1,-77.69595887,43.14694904
4019,"Pima County, AZ",28,"10,549","$75,136",0.83,"40,781",879,3 : 1,-111.7896381,32.09723099
40027,"Cleveland County, OK",28,"3,167","$86,400",0.77,"38,620",264,3 : 1,-97.3267069,35.20346872
36103,"Suffolk County, NY",28,"6,617","$82,816",0.61,"37,381",551,2 : 1,-72.84423227,40.87024178
42091,"Montgomery County, PA",28,"11,979","$103,296",1.05,"36,855",998,2 : 1,-75.36722689,40.21085251
21111,"Jefferson County, KY",28,"10,579","$83,328",0.81,"35,284",882,3 : 1,-85.65772828,38.18834895
25027,"Worcester County, MA",28,"7,550","$86,912",0.67,"34,499",629,2 : 1,-71.90780992,42.35111931
12009,"Brevard County, FL",28,"9,469","$107,904",1.22,"34,441",789,2 : 1,-80.73218698,28.29324349
47157,"Shelby County, TN",28,"10,568","$87,936",0.81,"33,167",881,3 : 1,-89.89620223,35.18412715
24027,"Howard County, MD",28,"19,709","$121,728",2.81,"33,017","1,642",3 : 1,-76.93099926,39.25078653
26081,"Kent County, MI",28,"9,439","$89,984",0.78,"31,557",787,2 : 1,-85.54918115,43.03204611
26099,"Macomb County, MI",28,"7,484","$85,376",0.96,"30,928",624,2 : 1,-82.93255517,42.69584067
1089,"Madison County, AL",28,"23,701","$105,344",2.39,"28,631","1,975",3 : 1,-86.55056927,34.76292257
26161,"Washtenaw County, MI",28,"8,144","$97,664",1.22,"28,495",679,2 : 1,-83.83879891,42.25344402
25021,"Norfolk County, MA",28,"8,430","$106,368",0.85,"28,206",703,2 : 1,-71.20690516,42.1624614
6111,"Ventura County, CA",28,"7,068","$100,096",0.75,"27,108",589,3 : 1,-119.0848457,34.45474678
40143,"Tulsa County, OK",28,"9,537","$77,184",0.82,"26,849",795,3 : 1,-95.94143178,36.12121947
35001,"Bernalillo County, NM",28,"12,913","$89,984",1.07,"26,501","1,076",3 : 1,-106.6705759,35.05121905
22051,"Jefferson Parish, LA",28,"2,963","$78,208",0.52,"26,219",247,3 : 1,-90.11275154,29.74131251
25009,"Essex County, MA",28,"7,605","$99,072",0.81,"26,076",634,2 : 1,-70.9515844,42.67174524
45045,"Greenville County, SC",28,"6,501","$83,840",1.07,"25,674",542,2 : 1,-82.37063974,34.89387815
51013,"Arlington County, VA",28,"18,548","$123,776",2.91,"24,709","1,546",2 : 1,-77.10098204,38.87844605
47093,"Knox County, TN",28,"5,059","$71,040",0.66,"23,912",422,2 : 1,-83.93759106,35.99332876
45019,"Charleston County, SC",28,"7,466","$86,912",0.69,"21,690",622,2 : 1,-79.95226654,32.83417041
51810,"Virginia Beach City County, VA",28,"6,328","$96,640",0.97,"21,271",527,3 : 1,-76.04367462,36.73349545
42017,"Bucks County, PA",28,"3,194","$85,376",0.58,"21,057",266,2 : 1,-75.10684724,40.33694355
34025,"Monmouth County, NJ",28,"3,476","$109,952",0.63,"19,472",290,2 : 1,-74.22051128,40.2606812
36067,"Onondaga County, NY",28,"6,846","$85,376",0.86,"18,336",571,2 : 1,-76.19460186,43.0061269
39153,"Summit County, OH",28,"5,128","$80,256",0.67,"17,667",427,2 : 1,-81.53219101,41.12587569
53011,"Clark County, WA",28,"3,769","$94,976",0.80,"17,533",314,2 : 1,-122.4823115,45.77919832
12001,"Alachua County, FL",28,"3,206","$58,752",0.62,"16,515",267,3 : 1,-82.35823348,29.67497355
47065,"Hamilton County, TN",28,"5,310","$74,112",0.79,"16,439",443,2 : 1,-85.1644476,35.18133492
21067,"Fayette County, KY",28,"4,286","$67,968",0.63,"16,402",357,4 : 1,-84.4589719,38.04287124
53063,"Spokane County, WA",28,"4,164","$77,056",0.51,"15,718",347,2 : 1,-117.4039405,47.62077953
12071,"Lee County, FL",28,"4,024","$57,216",0.40,"15,197",335,2 : 1,-81.84068841,26.57801557
6061,"Placer County, CA",28,"2,542","$91,392",0.56,"14,446",212,3 : 1,-120.717846,39.06347097
12127,"Volusia County, FL",28,"1,614","$56,960",0.42,"14,053",135,2 : 1,-81.18197434,29.05852431
51710,"Norfolk City County, VA",28,"7,275","$94,592",1.18,"13,855",606,3 : 1,-76.25967731,36.89479704
39095,"Lucas County, OH",28,"3,985","$78,208",0.64,"13,752",332,4 : 1,-83.65545282,41.62064794
29183,"St. Charles County, MO",28,"2,932","$100,224",0.80,"13,729",244,2 : 1,-90.67411979,38.78248212
8035,"Douglas County, CO",28,"3,028","$115,072",0.66,"13,640",252,3 : 1,-104.92921,39.32970828
6097,"Sonoma County, CA",28,"2,735","$88,320",0.45,"13,626",228,2 : 1,-122.8872965,38.52842052
5007,"Benton County, AR",28,"3,564","$116,608",1.31,"12,951",297,2 : 1,-94.25598718,36.33873798
37067,"Forsyth County, NC",28,"4,112","$77,696",0.65,"12,343",343,3 : 1,-80.25626566,36.13057844
34031,"Passaic County, NJ",28,"2,492","$100,224",0.64,"12,209",208,2 : 1,-74.30115633,41.03446344
29095,"Jackson County, MO",28,"11,951","$84,352",0.84,"11,811",996,3 : 1,-94.34603332,39.00926211
25023,"Plymouth County, MA",28,"1,980","$81,664",0.44,"11,508",165,2 : 1,-70.81296132,41.95331777
1097,"Mobile County, AL",28,"4,050","$82,816",0.77,"10,868",338,2 : 1,-88.20659057,30.77909854
42041,"Cumberland County, PA",28,"1,566","$91,520",0.85,"10,601",131,1 : 1,-77.26523042,40.16350914
24025,"Harford County, MD",28,"3,479","$112,000",1.54,"10,204",290,3 : 1,-76.31717004,39.56126248
51550,"Chesapeake City County, VA",28,"2,507","$80,256",0.64,"10,116",209,3 : 1,-76.30244008,36.67787032
37129,"New Hanover County, NC",28,"3,049","$83,840",0.70,"9,864",254,2 : 1,-77.88474375,34.2322858
45015,"Berkeley County, SC",28,"1,246","$82,816",0.57,"9,731",104,2 : 1,-79.95087397,33.19764043
50007,"Chittenden County, VT",28,"2,496","$89,856",0.97,"9,493",208,2 : 1,-73.08101275,44.46109238
29019,"Boone County, MO",28,"2,644","$73,088",0.67,"9,422",220,3 : 1,-92.30983436,38.99091068
18089,"Lake County, IN",28,"2,789","$85,376",0.57,"8,825",232,2 : 1,-87.38221633,41.41685156
48355,"Nueces County, TX",28,"2,461","$67,968",0.53,"8,728",205,4 : 1,-97.61091925,27.72543779
38017,"Cass County, ND",28,"4,592","$72,576",0.81,"8,415",383,2 : 1,-97.24822334,46.93292237
51630,"Fredericksburg City County, VA",28,336,"$105,216",0.54,"8,357",28,2 : 1,-77.48619454,38.29892214
40109,"Oklahoma County, OK",28,"15,680","$107,392",1.06,"8,261","1,307",3 : 1,-97.4075036,35.55141319
12069,"Lake County, FL",28,973,"$48,000",0.33,"8,236",81,3 : 1,-81.71135257,28.76121706
6099,"Stanislaus County, CA",28,"1,928","$81,152",0.38,"8,174",161,3 : 1,-120.9979524,37.55851635
6041,"Marin County, CA",28,"1,907","$104,192",0.57,"8,126",159,3 : 1,-122.7234103,38.07351203
27109,"Olmsted County, MN",28,"2,608","$91,520",0.81,"8,046",217,3 : 1,-92.40209709,44.00380771
18141,"St. Joseph County, IN",28,"2,270","$77,696",0.49,"8,033",189,2 : 1,-86.29001543,41.61670349
18105,"Monroe County, IN",28,"1,214","$61,568",0.70,"7,816",101,2 : 1,-86.52334305,39.16100464
19103,"Johnson County, IA",28,"1,826","$80,256",0.58,"7,659",152,2 : 1,-91.58679259,41.67150873
51700,"Newport News City County, VA",28,"3,239","$83,328",0.97,"7,612",270,4 : 1,-76.5199628,37.10553608
48329,"Midland County, TX",28,"2,862","$67,968",0.87,"7,262",239,2 : 1,-102.0315682,31.86904128
45083,"Spartanburg County, SC",28,"1,246","$78,720",0.60,"7,242",104,1 : 1,-81.99110742,34.93148726
48245,"Jefferson County, TX",28,"2,250","$67,968",0.66,"6,675",188,2 : 1,-94.16307113,29.88337578
51650,"Hampton City County, VA",28,"2,191","$97,152",0.98,"6,380",183,3 : 1,-76.36333533,37.05573241
12083,"Marion County, FL",28,873,"$48,768",0.30,"6,351",73,2 : 1,-82.05662463,29.21028272
47125,"Montgomery County, TN",28,923,"$71,040",0.42,"6,338",77,2 : 1,-87.38247263,36.49650951
13151,"Henry County, GA",28,437,"$60,544",0.27,"6,122",36,2 : 1,-84.15307775,33.45278905
19163,"Scott County, IA",28,"2,869","$87,424",0.78,"6,006",239,2 : 1,-90.62318822,41.63706131
48309,"McLennan County, TX",28,"2,201","$68,992",0.52,"5,737",183,2 : 1,-97.20199931,31.5524976
39103,"Medina County, OH",28,932,"$56,960",0.54,"5,707",78,3 : 1,-81.8998621,41.11770589
23031,"York County, ME",28,"1,055","$75,008",0.65,"5,592",88,2 : 1,-70.7143165,43.47829059
45057,"Lancaster County, SC",28,802,"$100,224",1.05,"5,464",67,2 : 1,-80.7054154,34.68642517
34001,"Atlantic County, NJ",28,"1,179","$100,224",0.73,"5,409",98,2 : 1,-74.66040811,39.47790545
48423,"Smith County, TX",28,"1,213","$55,168",0.32,"5,274",101,2 : 1,-95.26908279,32.37521162
30031,"Gallatin County, MT",28,867,"$82,304",0.51,"5,256",72,2 : 1,-111.1703288,45.54097041
55101,"Racine County, WI",28,"2,060","$92,544",0.94,"5,093",172,2 : 1,-88.06111861,42.74731284
48091,"Comal County, TX",28,765,"$65,920",0.46,"5,034",64,3 : 1,-98.2785174,29.80840142
37071,"Gaston County, NC",28,737,"$80,256",0.38,"4,897",61,3 : 1,-81.18014844,35.29432138
18081,"Johnson County, IN",28,549,"$74,112",0.28,"4,794",46,3 : 1,-86.10174496,39.4899568
39113,"Montgomery County, OH",28,"8,566","$96,640",1.08,"4,454",714,2 : 1,-84.29037841,39.75442102
12115,"Sarasota County, FL",28,"1,838","$59,776",0.35,"4,447",153,2 : 1,-82.33141981,27.18432942
16027,"Canyon County, ID",28,"1,154","$57,472",0.48,"4,354",96,3 : 1,-116.7092162,43.6251769
55105,"Rock County, WI",28,"1,236","$80,256",0.55,"4,214",103,2 : 1,-89.0712802,42.67118649
13063,"Clayton County, GA",28,"1,310","$96,128",0.78,"4,174",109,2 : 1,-84.35751271,33.54043935
13097,"Douglas County, GA",28,517,"$94,592",0.43,"3,836",43,2 : 1,-84.76851394,33.7021135
56021,"Laramie County, WY",28,"2,860","$100,736",1.33,"3,820",238,2 : 1,-104.6892193,41.30709358
18127,"Porter County, IN",28,612,"$78,208",0.37,"3,777",51,2 : 1,-87.06793187,41.46066332
40017,"Canadian County, OK",28,212,"$72,576",0.22,"3,757",18,3 : 1,-97.98241218,35.54233821
36063,"Niagara County, NY",28,773,"$72,576",0.47,"3,684",64,2 : 1,-78.7453209,43.20013175
6089,"Shasta County, CA",28,518,"$81,664",0.45,"3,492",43,3 : 1,-122.0409443,40.76391106
28033,"DeSoto County, MS",28,780,"$70,016",0.35,"3,490",65,3 : 1,-89.99140222,34.8756938
55089,"Ozaukee County, WI",28,808,"$75,136",0.64,"3,224",67,3 : 1,-87.95138777,43.38375913
28121,"Rankin County, MS",28,518,"$54,912",0.33,"3,208",43,2 : 1,-89.94594839,32.26422272
13223,"Paulding County, GA",28,138,"$91,008",0.25,"3,195",12,2 : 1,-84.86736714,33.92082846
48441,"Taylor County, TX",28,"1,057","$54,912",0.39,"3,191",88,2 : 1,-99.88996827,32.30175703
48367,"Parker County, TX",28,204,"$58,240",0.28,"3,157",17,3 : 1,-97.80496943,32.77760907
6055,"Napa County, CA",28,811,"$83,712",0.34,"3,097",68,2 : 1,-122.3306328,38.5065458
6023,"Humboldt County, CA",28,391,"$73,984",0.44,"3,042",33,2 : 1,-123.8755258,40.69940115
26055,"Grand Traverse County, MI",28,378,"$67,968",0.40,"3,041",32,2 : 1,-85.56013503,44.66916098
42081,"Lycoming County, PA",28,674,"$66,432",0.72,"3,017",56,2 : 1,-77.06520269,41.34394419
12061,"Indian River County, FL",28,584,"$52,096",0.32,"2,955",49,2 : 1,-80.60559316,27.69396994
9160,"Northwest Hills Planning Region, CT",28,583,"$75,008",0.48,"2,904",49,2 : 1,#N/A,#N/A
18019,"Clark County, IN",28,580,"$49,536",0.30,"2,898",48,3 : 1,-85.70765032,38.47743705
37049,"Craven County, NC",28,326,"$85,376",0.53,"2,808",27,2 : 1,-77.09255683,35.12343918
26025,"Calhoun County, MI",28,970,"$92,032",0.58,"2,796",81,2 : 1,-85.00508394,42.24636617
48451,"Tom Green County, TX",28,231,"$73,088",0.35,"2,695",19,2 : 1,-100.4624522,31.40455473
17115,"Macon County, IL",28,"1,040","$74,112",0.73,"2,664",87,2 : 1,-88.96174804,39.85999062
55109,"St. Croix County, WI",28,318,"$70,016",0.44,"2,643",27,3 : 1,-92.4529513,45.03345626
51199,"York County, VA",28,188,"$80,256",0.43,"2,542",16,2 : 1,-76.56191748,37.24271166
39169,"Wayne County, OH",28,738,"$85,888",0.71,"2,414",62,2 : 1,-81.88780787,40.82926705
42013,"Blair County, PA",28,302,"$65,920",0.42,"2,390",25,1 : 1,-78.34882696,40.48075545
18011,"Boone County, IN",28,530,"$83,200",0.48,"2,373",44,3 : 1,-86.46866856,40.05117643
37159,"Rowan County, NC",28,662,"$81,792",0.52,"2,189",55,2 : 1,-80.52501519,35.64030608
26005,"Allegan County, MI",28,393,"$75,136",0.51,"2,125",33,2 : 1,-85.88845897,42.59147142
42085,"Mercer County, PA",28,288,"$57,216",0.49,"2,064",24,1 : 1,-80.25773634,41.30228665
18043,"Floyd County, IN",28,252,"$54,016",0.28,"2,044",21,3 : 1,-85.90699249,38.31902045
2170,"Matanuska-Susitna Borough, AK",28,374,"$70,016",0.39,"1,978",31,2 : 1,-149.5691006,62.31571716
13157,"Jackson County, GA",28,299,"$68,480",0.27,"1,977",25,2 : 1,-83.56602206,34.1338612
37195,"Wilson County, NC",28,517,"$64,384",0.70,"1,888",43,2 : 1,-77.9189122,35.70531169
19049,"Dallas County, IA",28,184,"$64,768",0.30,"1,856",15,2 : 1,-94.03970701,41.68489264
19155,"Pottawattamie County, IA",28,594,"$84,352",0.37,"1,849",50,3 : 1,-95.54290277,41.33661346
37109,"Lincoln County, NC",28,204,"$66,432",0.34,"1,832",17,4 : 1,-81.22393811,35.48589556
18091,"La Porte County, IN",28,606,"$71,040",0.44,"1,716",51,2 : 1,-86.74045399,41.5459356
29031,"Cape Girardeau County, MO",28,126,"$93,440",0.27,"1,695",11,1 : 1,-89.68444987,37.38402006
6025,"Imperial County, CA",28,264,"$75,008",0.43,"1,633",22,2 : 1,-115.3657218,33.03935669
27145,"Stearns County, MN",28,"1,776","$71,552",0.54,"1,630",148,2 : 1,-94.61299658,45.55199481
17077,"Jackson County, IL",28,285,"$73,088",0.56,"1,624",24,2 : 1,-89.38232705,37.78505462
13179,"Liberty County, GA",28,236,"$91,520",0.44,"1,435",20,2 : 1,-81.49463778,31.82777126
13127,"Glynn County, GA",28,209,"$79,232",0.32,"1,429",17,2 : 1,-81.53985797,31.23071711
26103,"Marquette County, MI",28,177,"$58,112",0.35,"1,425",15,1 : 1,-87.64138782,46.43139896
6039,"Madera County, CA",28,507,"$80,128",0.53,"1,418",42,3 : 1,-119.7624357,37.21825802
41019,"Douglas County, OR",28,217,"$65,024",0.37,"1,393",18,1 : 1,-123.1658435,43.2796987
39157,"Tuscarawas County, OH",28,287,"$60,288",0.52,"1,387",24,2 : 1,-81.47450488,40.44131431
37031,"Carteret County, NC",28,97,"$58,112",0.36,"1,325",8,1 : 1,-76.65336214,34.8275267
1043,"Cullman County, AL",28,177,"$63,488",0.26,"1,295",15,2 : 1,-86.86718877,34.13183982
29101,"Johnson County, MO",28,348,"$106,368",0.79,"1,292",29,2 : 1,-93.80588795,38.74399152
39007,"Ashtabula County, OH",28,218,"$75,136",0.45,"1,284",18,2 : 1,-80.74863402,41.70753004
19181,"Warren County, IA",28,153,"$69,504",0.31,"1,233",13,2 : 1,-93.56121354,41.33431116
39043,"Erie County, OH",28,376,"$84,864",0.47,"1,217",31,2 : 1,-82.63799692,41.37421463
6115,"Yuba County, CA",28,269,"$98,560",0.56,"1,189",22,2 : 1,-121.3508296,39.26930746
51093,"Isle of Wight County, VA",28,167,"$85,248",0.53,"1,170",14,2 : 1,-76.72465523,36.89191765
26015,"Barry County, MI",28,158,"$83,712",0.50,"1,147",13,2 : 1,-85.30834519,42.59513984
37155,"Robeson County, NC",28,308,"$58,240",0.35,"1,095",26,2 : 1,-79.10352623,34.64028878
37171,"Surry County, NC",28,169,"$70,016",0.30,"1,053",14,2 : 1,-80.68725838,36.41459623
51177,"Spotsylvania County, VA",28,417,"$100,096",0.57,"1,050",35,2 : 1,-77.65615344,38.18453467
35035,"Otero County, NM",28,384,"$65,920",0.82,"1,035",32,1 : 1,-105.7417441,32.61323163
41009,"Columbia County, OR",28,192,"$100,096",0.63,"1,007",16,2 : 1,-123.0888664,45.94376691
40047,"Garfield County, OK",28,147,"$55,936",0.37,984,12,2 : 1,-97.78263254,36.3791609
24047,"Worcester County, MD",28,104,"$64,768",0.29,967,9,2 : 1,-75.33389427,38.212837
56037,"Sweetwater County, WY",28,464,"$75,648",0.97,953,39,2 : 1,-108.8793882,41.6597625
6109,"Tuolumne County, CA",28,170,"$66,816",0.35,946,14,2 : 1,-119.9551317,38.02748982
28045,"Hancock County, MS",28,672,"$86,400",2.44,916,56,2 : 1,-89.48847814,30.41595395
17199,"Williamson County, IL",28,160,"$83,200",0.33,902,13,3 : 1,-88.93009646,37.73040742
12107,"Putnam County, FL",28,208,"$56,192",0.41,883,17,2 : 1,-81.7442726,29.60884076
47059,"Greene County, TN",28,130,"$67,456",0.43,882,11,2 : 1,-82.84564638,36.17587226
41053,"Polk County, OR",28,656,"$96,640",0.90,879,55,2 : 1,-123.4132525,44.90338514
48273,"Kleberg County, TX",28,136,"$57,472",0.46,867,11,2 : 1,-97.72430027,27.43132443
23017,"Oxford County, ME",28,89,"$79,104",0.32,800,7,2 : 1,-70.75611419,44.49924446
27111,"Otter Tail County, MN",28,143,"$64,512",0.61,790,12,1 : 1,-95.70748857,46.4090783
47107,"McMinn County, TN",28,101,"$56,704",0.25,785,8,2 : 1,-84.61781822,35.4243615
17203,"Woodford County, IL",28,207,"$83,328",0.77,776,17,2 : 1,-89.21080819,40.78829846
47073,"Hawkins County, TN",28,24,"$68,352",0.27,764,2,2 : 1,-82.94554982,36.4410474
37127,"Nash County, NC",28,448,"$83,328",0.61,762,37,2 : 1,-77.9861842,35.96771851
48265,"Kerr County, TX",28,75,"$81,792",0.29,762,6,1 : 1,-99.34928454,30.06116361
48203,"Harrison County, TX",28,126,"$52,096",0.34,759,11,2 : 1,-94.37105127,32.54840734
48467,"Van Zandt County, TX",28,44,"$41,344",0.17,707,4,2 : 1,-95.83674215,32.56379892
47089,"Jefferson County, TN",28,75,"$48,000",0.24,703,6,2 : 1,-83.44652522,36.0513409
48473,"Waller County, TX",28,229,"$38,784",0.68,695,19,2 : 1,-95.98754906,30.01059467
37145,"Person County, NC",28,103,"$94,976",0.37,693,9,3 : 1,-78.9715773,36.38999755
5139,"Union County, AR",28,306,"$105,344",1.28,673,26,2 : 1,-92.59770646,33.17125929
18099,"Marshall County, IN",28,202,"$47,744",0.42,671,17,3 : 1,-86.26180055,41.3248735
51109,"Louisa County, VA",28,127,"$102,272",0.82,671,11,1 : 1,-77.96275853,37.97807843
8043,"Fremont County, CO",28,122,"$79,744",0.33,664,10,3 : 1,-105.4399703,38.47306423
31055,"Douglas County, NE",28,"10,926","$85,376",0.99,646,911,3 : 1,-96.15494428,41.29533784
42127,"Wayne County, PA",28,107,"$79,616",0.49,645,9,1 : 1,-75.30318879,41.64851654
47143,"Rhea County, TN",28,55,"$89,984",0.30,619,5,1 : 1,-84.92418399,35.60911854
21107,"Hopkins County, KY",28,138,"$49,024",0.35,584,12,2 : 1,-87.54131507,37.30862563
1109,"Pike County, AL",28,187,"$64,384",0.57,561,16,3 : 1,-85.94087373,31.80232564
18077,"Jefferson County, IN",28,143,"$75,136",0.43,561,12,2 : 1,-85.43830308,38.78558559
22087,"St. Bernard Parish, LA",28,243,"$87,808",0.75,546,20,2 : 1,-89.53768188,29.8750922
56029,"Park County, WY",28,135,"$53,120",0.40,535,11,2 : 1,-109.5885953,44.52053528
42121,"Venango County, PA",28,99,"$45,568",0.51,532,8,1 : 1,-79.75792032,41.40101962
12039,"Gadsden County, FL",28,203,"$54,912",0.49,529,17,2 : 1,-84.61383904,30.57930999
55115,"Shawano County, WI",28,86,"$46,592",0.39,527,7,2 : 1,-88.76489325,44.78886999
13145,"Harris County, GA",28,35,"$44,416",0.30,526,3,3 : 1,-84.9082899,32.73613817
36033,"Franklin County, NY",28,91,"$178,944",0.47,521,8,1 : 1,-74.30395769,44.59274379
32001,"Churchill County, NV",28,181,"$73,600",0.96,513,15,2 : 1,-118.3362581,39.58048345
51735,"Poquoson City County, VA",28,23,"$125,696",0.31,503,2,1 : 1,-76.35566972,37.1307115
41065,"Wasco County, OR",28,111,"$65,792",0.51,502,9,2 : 1,-121.1678419,45.16003768
19179,"Wapello County, IA",28,152,"$70,016",0.49,493,13,2 : 1,-92.40954728,41.03064984
5055,"Greene County, AR",28,49,"$30,080",0.33,484,4,2 : 1,-90.55895377,36.11773282
21157,"Marshall County, KY",28,76,"$102,656",0.62,482,6,2 : 1,-88.32927113,36.88327592
48401,"Rusk County, TX",28,115,"$56,448",0.42,479,10,2 : 1,-94.76183346,32.10819843
27157,"Wabasha County, MN",28,107,"$45,568",0.59,478,9,2 : 1,-92.23023021,44.28428259
26029,"Charlevoix County, MI",28,50,"$75,000",0.28,472,4,2 : 1,-85.12921505,45.30562797
18101,"Martin County, IN",28,551,"$98,304",5.09,470,46,2 : 1,-86.80307723,38.7079435
22069,"Natchitoches Parish, LA",28,88,"$76,160",0.34,469,7,2 : 1,-93.09649471,31.72373065
37047,"Columbus County, NC",28,57,"$56,832",0.21,467,5,2 : 1,-78.65514472,34.26573301
48381,"Randall County, TX",28,673,"$57,472",0.47,462,56,2 : 1,-101.8971322,34.96585996
26057,"Gratiot County, MI",28,217,"$88,448",0.59,449,18,2 : 1,-84.60482908,43.29296993
27015,"Brown County, MN",28,74,"$73,088",0.58,444,6,2 : 1,-94.727558,44.24201356
51670,"Hopewell City County, VA",28,195,"$86,400",0.47,420,16,1 : 1,-77.2969381,37.29122918
21083,"Graves County, KY",28,43,"$50,688",0.24,412,4,2 : 1,-88.65114084,36.72303717
41013,"Crook County, OR",28,134,"$52,480",0.85,401,11,2 : 1,-120.3567062,44.14229491
17137,"Morgan County, IL",28,208,"$98,688",0.51,390,17,2 : 1,-90.20121837,39.71580417
21141,"Logan County, KY",28,74,"$65,408",0.38,382,6,2 : 1,-86.87901935,36.8597188
21173,"Montgomery County, KY",28,91,"$56,192",0.36,377,8,3 : 1,-83.91291351,38.03256472
18051,"Gibson County, IN",28,254,"$65,920",0.67,374,21,2 : 1,-87.58518363,38.31161078
51195,"Wise County, VA",28,101,"$53,376",0.39,370,8,2 : 1,-82.62118772,36.97556152
48073,"Cherokee County, TX",28,80,"$65,408",0.24,360,7,2 : 1,-95.16565693,31.83752856
13033,"Burke County, GA",28,131,"$49,280",0.97,355,11,2 : 1,-82.00066679,33.0611801
45039,"Fairfield County, SC",28,104,"$83,328",0.75,354,9,2 : 1,-81.12125577,34.39533447
37165,"Scotland County, NC",28,54,"$50,688",0.19,338,5,2 : 1,-79.48032175,34.84114162
19183,"Washington County, IA",28,52,"$59,520",0.24,334,4,2 : 1,-91.71758189,41.33548743
47185,"White County, TN",28,25,"$100,224",0.27,331,2,1 : 1,-85.45476978,35.92662264
13053,"Chattahoochee County, GA",28,160,"$67,328",0.73,319,13,3 : 1,-84.78680953,32.34694534
6015,"Del Norte County, CA",28,59,"$118,528",0.26,319,5,3 : 1,-123.8971513,41.74323775
13035,"Butts County, GA",28,67,"$40,576",0.27,306,6,2 : 1,-83.95691187,33.28698774
37017,"Bladen County, NC",28,61,"$67,456",0.30,294,5,2 : 1,-78.56283195,34.61418037
13293,"Upson County, GA",28,51,"$56,064",0.26,291,4,2 : 1,-84.29964447,32.88096475
40015,"Caddo County, OK",28,30,"$62,976",0.28,290,3,2 : 1,-98.37502407,35.17437642
38077,"Richland County, ND",28,93,"$61,696",0.53,274,8,2 : 1,-96.94827807,46.26461801
47121,"Meigs County, TN",28,29,"$32,128",0.40,259,2,2 : 1,-84.8129419,35.51294836
22077,"Pointe Coupee Parish, LA",28,21,"$51,200",0.17,254,2,3 : 1,-91.60044956,30.70893573
27045,"Fillmore County, MN",28,25,"$46,848",0.20,252,2,2 : 1,-92.08990525,43.6739576
48025,"Bee County, TX",28,42,"$51,584",0.25,252,4,5 : 1,-97.74102624,28.41736711
47085,"Humphreys County, TN",28,41,"$47,872",0.46,231,3,2 : 1,-87.77571312,36.04110957
39075,"Holmes County, OH",28,123,"$75,008",0.75,223,10,2 : 1,-81.93067102,40.5614819
20021,"Cherokee County, KS",28,31,"$63,744",0.39,219,3,1 : 1,-94.84624572,37.16921917
26019,"Benzie County, MI",28,15,"$75,008",0.22,219,1,2 : 1,-86.01505847,44.63910932
13189,"McDuffie County, GA",28,19,"$31,104",0.13,213,2,2 : 1,-82.4818329,33.48313346
27121,"Pope County, MN",28,17,"$54,745",0.43,202,1,1 : 1,-95.44454861,45.58611957
31047,"Dawson County, NE",28,63,"$81,152",0.64,197,5,2 : 1,-99.81946635,40.86987625
47069,"Hardeman County, TN",28,31,"$119,808",0.39,197,3,2 : 1,-88.99308826,35.2067611
17139,"Moultrie County, IL",28,36,"$47,840",0.80,193,3,2 : 1,-88.61929657,39.64136794
1113,"Russell County, AL",28,102,"$52,352",0.28,188,9,2 : 1,-85.18428296,32.28806204
27063,"Jackson County, MN",28,140,"$72,960",2.22,187,12,2 : 1,-95.15400031,43.67418723
48239,"Jackson County, TX",28,55,"$57,200",0.93,172,5,1 : 1,-96.5775562,28.95369067
51131,"Northampton County, VA",28,21,"$48,120",0.24,171,2,1 : 1,-75.87764606,37.34305358
47161,"Stewart County, TN",28,17,"$32,448",0.29,170,1,2 : 1,-87.83755715,36.50150068
18013,"Brown County, IN",28,23,"$35,456",0.41,169,2,2 : 1,-86.22810056,39.19645662
29186,"Ste. Genevieve County, MO",28,35,"$56,704",0.59,166,3,1 : 1,-90.1946731,37.89454581
40091,"McIntosh County, OK",28,1,Insf. Data,0.02,166,0,1 : 1,-95.66695805,35.37351598
21027,"Breckinridge County, KY",28,15,"$29,329",0.40,153,1,1 : 1,-86.42936466,37.7732385
37131,"Northampton County, NC",28,49,"$58,368",0.66,149,4,3 : 1,-77.39657442,36.41780769
31137,"Phelps County, NE",28,103,"$98,048",0.93,143,9,2 : 1,-99.41426701,40.51115428
20115,"Marion County, KS",28,62,"$39,424",0.83,140,5,2 : 1,-97.09712874,38.35899873
17185,"Wabash County, IL",28,28,"$60,876",0.40,137,2,2 : 1,-87.84368093,38.44634379
22041,"Franklin Parish, LA",28,31,"$57,600",0.53,132,3,1 : 1,-91.67348178,32.13329548
47129,"Morgan County, TN",28,39,"$33,280",0.53,132,3,2 : 1,-84.64901358,36.13501561
17193,"White County, IL",28,27,"$51,968",0.37,127,2,2 : 1,-88.18016372,38.08714445
51163,"Rockbridge County, VA",28,19,"$38,480",0.45,125,2,2 : 1,-79.44774612,37.81505482
56031,"Platte County, WY",28,25,"$54,272",0.28,117,2,2 : 1,-104.9661319,42.13239072
20151,"Pratt County, KS",28,16,"$47,304",0.25,111,1,1 : 1,-98.73915959,37.6478469
19047,"Crawford County, IA",28,15,"$62,976",0.15,106,1,2 : 1,-95.3819718,42.03718237
17087,"Johnson County, IL",28,299,"$79,616",4.72,94,25,1 : 1,-88.88074567,37.45959866
26013,"Baraga County, MI",28,29,"$51,712",0.42,79,2,2 : 1,-88.36559186,46.66237725
13181,"Lincoln County, GA",28,5,"$47,500",0.47,73,0,1 : 1,-82.451183,33.79324552
27101,"Murray County, MN",28,23,"$64,000",1.06,73,2,1 : 1,-95.76328482,44.02216709
18025,"Crawford County, IN",28,16,"$51,200",0.21,71,1,2 : 1,-86.45126977,38.29202088
17175,"Stark County, IL",28,42,Insf. Data,1.11,67,4,2 : 1,-89.79757636,41.09327074
31089,"Holt County, NE",28,17,"$68,352",0.28,59,1,2 : 1,-98.78376243,42.45557846
28019,"Choctaw County, MS",28,10,"$59,904",0.86,54,1,1 : 1,-89.24846009,33.34764715
46121,"Todd County, SD",28,18,"$62,976",0.56,47,2,2 : 1,-100.7186033,43.1933652
48081,"Coke County, TX",28,3,Insf. Data,0.16,37,0,1 : 1,-100.5295971,31.88933528
19159,"Ringgold County, IA",28,3,Insf. Data,0.11,36,0,1 : 1,-94.24367465,40.7351498
20097,"Kiowa County, KS",28,4,Insf. Data,0.56,35,0,1 : 1,-99.28576492,37.55841651
27087,"Mahnomen County, MN",28,11,"$66,304",0.39,22,1,2 : 1,-95.8091992,47.32558784
41069,"Wheeler County, OR",28,2,"$51,216",0.60,16,0,1 : 1,-120.0273912,44.72584844
31113,"Logan County, NE",28,2,"$45,500",0.52,2,0,1 : 1,-100.482244,41.56652317
5999,"[Arkansas, county not reported]",28,"4,463","$120,704",2.38,0,372,1 : 1,#N/A,#N/A
6999,"[California, county not reported]",28,"3,873","$119,168",1.70,0,323,1 : 1,#N/A,#N/A
9999,"[Connecticut, county not reported]",28,"3,042","$130,304",2.65,0,254,1 : 1,#N/A,#N/A
13999,"[Georgia, county not reported]",28,"7,938","$127,872",2.38,0,662,1 : 1,#N/A,#N/A
16999,"[Idaho, county not reported]",28,"4,349","$119,680",2.36,0,362,1 : 1,#N/A,#N/A
17999,"[Illinois, county not reported]",28,"4,901","$124,160",2.55,0,408,1 : 1,#N/A,#N/A
18999,"[Indiana, county not reported]",28,"3,812","$117,632",1.68,0,318,1 : 1,#N/A,#N/A
19999,"[Iowa, county not reported]",28,"4,289","$120,704",2.38,0,357,1 : 1,#N/A,#N/A
20999,"[Kansas, county not reported]",28,"4,702","$122,752",2.70,0,392,1 : 1,#N/A,#N/A
22071,"Orleans Parish, LA",28,"5,032","$85,888",0.72,0,419,3 : 1,-89.92833674,30.06918821
22999,"[Louisiana, county not reported]",28,"4,066","$119,680",2.36,0,339,1 : 1,#N/A,#N/A
26999,"[Michigan, county not reported]",28,"4,449","$122,752",2.67,0,371,1 : 1,#N/A,#N/A
28999,"[Mississippi, county not reported]",28,"5,323","$121,216",2.76,0,444,1 : 1,#N/A,#N/A
29999,"[Missouri, county not reported]",28,"3,953","$122,240",2.81,0,329,1 : 1,#N/A,#N/A
30999,"[Montana, county not reported]",28,"1,312","$130,944",2.96,0,109,1 : 1,#N/A,#N/A
32999,"[Nevada, county not reported]",28,"3,815","$122,624",2.87,0,318,1 : 1,#N/A,#N/A
45999,"[South Carolina, county not reported]",28,"4,090","$120,704",2.34,0,341,1 : 1,#N/A,#N/A
53999,"[Washington, county not reported]",28,"1,679","$127,744",2.67,0,140,1 : 1,#N/A,#N/A
53033,"King County, WA",27,"60,880","$129,792",1.47,"319,998","5,073",2 : 1,-121.8063614,47.49034831
6085,"Santa Clara County, CA",27,"72,597","$153,344",2.32,"284,160","6,050",2 : 1,-121.6951016,37.23169965
4013,"Maricopa County, AZ",27,"68,100","$103,296",0.98,"212,665","5,675",3 : 1,-112.4908888,33.34875974
48113,"Dallas County, TX",27,"82,408","$120,192",1.57,"200,866","6,867",2 : 1,-96.77788947,32.76665041
13121,"Fulton County, GA",27,"62,074","$119,680",2.04,"187,257","5,173",2 : 1,-84.46714878,33.79038574
48453,"Travis County, TX",27,"48,785","$115,072",1.79,"164,426","4,065",2 : 1,-97.78169164,30.33471479
6059,"Orange County, CA",27,"41,926","$109,824",1.00,"146,427","3,494",3 : 1,-117.760976,33.70311134
8059,"Jefferson County, CO",27,"12,791","$101,248",1.04,"130,793","1,066",2 : 1,-105.2504738,39.58646067
6001,"Alameda County, CA",27,"30,865","$125,184",1.28,"121,007","2,572",2 : 1,-121.888612,37.64642367
41067,"Washington County, OR",27,"11,731","$95,104",1.19,"111,622",978,2 : 1,-123.0985728,45.55989124
24510,"Baltimore City County, MD",27,"18,986","$104,320",1.21,"107,387","1,582",3 : 1,-76.61440436,39.30522045
37119,"Mecklenburg County, NC",27,"46,198","$121,728",1.79,"91,090","3,850",2 : 1,-80.83268027,35.24675454
12086,"Miami-Dade County, FL",27,"20,650","$96,128",0.74,"89,037","1,721",3 : 1,-80.55914415,25.61511557
29189,"St. Louis County, MO",27,"22,649","$100,224",1.17,"87,915","1,887",2 : 1,-90.44344187,38.64048457
51059,"Fairfax County, VA",27,"70,714","$126,336",3.35,"81,359","5,893",2 : 1,-77.27651017,38.83620791
48029,"Bexar County, TX",27,"22,245","$100,224",0.99,"79,461","1,854",2 : 1,-98.52016013,29.44911665
48439,"Tarrant County, TX",27,"20,739","$95,104",0.88,"75,842","1,728",2 : 1,-97.29099289,32.77145377
6067,"Sacramento County, CA",27,"16,790","$99,584",0.91,"75,061","1,399",3 : 1,-121.3445212,38.44881725
18057,"Hamilton County, IN",27,"2,791","$96,640",0.63,"70,348",233,2 : 1,-86.05184193,40.07229856
48085,"Collin County, TX",27,"24,392","$122,752",1.71,"69,176","2,033",2 : 1,-96.57266803,33.18822716
24031,"Montgomery County, MD",27,"30,698","$117,632",1.92,"68,486","2,558",2 : 1,-77.20428439,39.13634899
39035,"Cuyahoga County, OH",27,"18,888","$96,640",0.92,"67,211","1,574",3 : 1,-81.6587538,41.42426021
32003,"Clark County, NV",27,"19,699","$87,424",0.67,"61,455","1,642",3 : 1,-115.0146087,36.21511541
48121,"Denton County, TX",27,"10,149","$109,440",0.88,"53,567",846,2 : 1,-97.11685878,33.20528167
12011,"Broward County, FL",27,"14,649","$83,328",0.63,"51,131","1,221",2 : 1,-80.48723143,26.15220703
6081,"San Mateo County, CA",27,"18,041","$150,272",1.61,"50,052","1,503",2 : 1,-122.328899,37.42298018
55025,"Dane County, WI",27,"13,175","$89,984",1.12,"49,331","1,098",3 : 1,-89.41786325,43.06746565
55079,"Milwaukee County, WI",27,"13,976","$95,616",0.97,"48,939","1,165",2 : 1,-87.96698811,43.00700658
29047,"Clay County, MO",27,"3,769","$84,352",0.85,"47,458",314,3 : 1,-94.42122576,39.31045251
6065,"Riverside County, CA",27,"7,396","$83,712",0.40,"45,572",616,3 : 1,-115.9939021,33.74329781
51107,"Loudoun County, VA",27,"10,686","$123,776",2.26,"42,851",891,2 : 1,-77.63575211,39.09048044
24033,"Prince George's County, MD",27,"15,023","$109,440",1.60,"41,741","1,252",2 : 1,-76.84739072,38.8299677
12099,"Palm Beach County, FL",27,"12,154","$79,744",0.64,"41,637","1,013",2 : 1,-80.46503899,26.64741122
31153,"Sarpy County, NE",27,"2,091","$86,912",0.83,"38,797",174,3 : 1,-96.11218009,41.11287068
6071,"San Bernardino County, CA",27,"9,807","$88,320",0.51,"37,403",817,3 : 1,-116.1783784,34.84157876
34017,"Hudson County, NJ",27,"20,193","$131,968",2.57,"36,249","1,683",2 : 1,-74.07753388,40.73476975
49049,"Utah County, UT",27,"5,986","$86,400",0.86,"33,554",499,2 : 1,-111.670284,40.11980262
36059,"Nassau County, NY",27,"5,508","$94,592",0.59,"33,511",459,2 : 1,-73.58622623,40.73761782
13067,"Cobb County, GA",27,"8,988","$109,440",1.03,"31,462",749,2 : 1,-84.57652963,33.94183776
17043,"DuPage County, IL",27,"15,015","$100,224",0.94,"31,428","1,251",2 : 1,-88.08563421,41.85173736
1073,"Jefferson County, AL",27,"10,430","$87,424",0.83,"29,212",869,2 : 1,-86.89657084,33.5543433
53061,"Snohomish County, WA",27,"6,563","$105,728",0.76,"28,864",547,2 : 1,-121.6977603,48.04772437
17097,"Lake County, IL",27,"13,327","$107,392",1.38,"28,551","1,111",3 : 1,-88.00373142,42.32318039
19153,"Polk County, IA",27,"14,980","$99,200",1.15,"27,314","1,248",2 : 1,-93.57365396,41.68547042
24003,"Anne Arundel County, MD",27,"11,730","$120,192",1.81,"24,756",978,2 : 1,-76.60335105,39.0057724
48491,"Williamson County, TX",27,"4,967","$83,328",0.65,"23,527",414,2 : 1,-97.60120361,30.64812769
36081,"Queens County, NY",27,"2,398","$92,544",0.48,"23,468",200,2 : 1,-73.81734511,40.70829859
37063,"Durham County, NC",27,"14,200","$117,632",1.83,"23,456","1,183",2 : 1,-78.87606872,36.03605321
37081,"Guilford County, NC",27,"6,651","$81,792",0.71,"22,818",554,3 : 1,-79.78852575,36.07964464
51510,"Alexandria City County, VA",27,"3,864","$119,552",1.65,"22,619",322,2 : 1,-77.08548989,38.8171835
36001,"Albany County, NY",27,"4,951","$95,104",1.15,"21,740",413,2 : 1,-73.97341306,42.59987237
45063,"Lexington County, SC",27,"1,765","$61,312",0.61,"20,907",147,2 : 1,-81.27229853,33.90217281
15003,"Honolulu County, HI",27,"10,436","$89,984",0.87,"20,631",870,3 : 1,-157.9746934,21.45879706
22033,"East Baton Rouge Parish, LA",27,"8,462","$92,544",1.10,"19,943",705,3 : 1,-91.0956724,30.53801719
9170,"South Central Connecticut Planning Region, CT",27,"4,474","$95,104",0.74,"18,607",373,2 : 1,#N/A,#N/A
12117,"Seminole County, FL",27,"3,991","$81,792",0.74,"17,980",333,3 : 1,-81.23634611,28.71682625
8123,"Weld County, CO",27,"2,358","$75,136",0.49,"17,812",197,2 : 1,-104.3930144,40.55487277
6029,"Kern County, CA",27,"5,282","$95,104",0.77,"17,579",440,4 : 1,-118.72959,35.34292819
9190,"Western Connecticut Planning Region, CT",27,"8,609","$112,512",1.05,"17,277",717,2 : 1,#N/A,#N/A
13089,"DeKalb County, GA",27,"18,163","$115,072",1.64,"17,247","1,514",2 : 1,-84.22665212,33.77122192
6019,"Fresno County, CA",27,"4,771","$80,128",0.53,"16,701",398,4 : 1,-119.6506833,36.75807672
12081,"Manatee County, FL",27,"1,273","$55,168",0.29,"14,751",106,3 : 1,-82.31571914,27.47189899
31109,"Lancaster County, NE",27,"5,085","$82,816",0.93,"14,571",424,4 : 1,-96.68776297,40.78416865
18003,"Allen County, IN",27,"4,242","$72,576",0.63,"13,860",354,4 : 1,-85.06652248,41.0912565
42071,"Lancaster County, PA",27,"2,634","$85,376",0.71,"13,136",220,2 : 1,-76.24786695,40.04261494
19113,"Linn County, IA",27,"4,881","$95,104",1.10,"13,054",407,2 : 1,-91.59809485,42.07923082
48039,"Brazoria County, TX",27,"1,397","$85,888",0.56,"12,710",116,2 : 1,-95.45158629,29.18949785
13057,"Cherokee County, GA",27,404,"$65,920",0.26,"12,115",34,2 : 1,-84.47621286,34.24473392
9140,"Naugatuck Valley Planning Region, CT",27,"2,648","$93,568",0.56,"11,848",221,2 : 1,#N/A,#N/A
17089,"Kane County, IL",27,"3,912","$98,688",0.63,"11,392",326,2 : 1,-88.42861217,41.93895003
26077,"Kalamazoo County, MI",27,"2,628","$89,984",0.81,"11,175",219,2 : 1,-85.53044157,42.24536002
13117,"Forsyth County, GA",27,286,"$54,912",0.23,"11,063",24,2 : 1,-84.12468922,34.2256545
26049,"Genesee County, MI",27,"1,142","$63,360",0.37,"10,171",95,2 : 1,-83.70652806,43.02216976
9120,"Greater Bridgeport Planning Region, CT",27,"3,202","$93,568",0.73,"10,077",267,2 : 1,#N/A,#N/A
53067,"Thurston County, WA",27,"4,039","$91,392",1.12,"9,936",337,2 : 1,-122.8330654,46.92672896
17111,"McHenry County, IL",27,"1,361","$80,768",0.48,"9,910",113,2 : 1,-88.45263983,42.32444631
47149,"Rutherford County, TN",27,"1,439","$57,728",0.33,"9,837",120,2 : 1,-86.41692683,35.84260355
39151,"Stark County, OH",27,"1,985","$63,872",0.50,"9,572",165,3 : 1,-81.36571811,40.8138382
49057,"Weber County, UT",27,"3,907","$109,440",1.54,"9,093",326,3 : 1,-111.9127797,41.27005573
34029,"Ocean County, NJ",27,"1,393","$95,104",0.50,"8,952",116,2 : 1,-74.28147189,39.88494891
6053,"Monterey County, CA",27,"1,997","$98,560",0.48,"8,410",166,2 : 1,-121.2387503,36.21711865
41047,"Marion County, OR",27,"7,716","$97,664",1.27,"8,331",643,2 : 1,-122.5849114,44.90322354
17201,"Winnebago County, IL",27,"2,795","$79,744",0.62,"8,044",233,2 : 1,-89.16084223,42.33630888
42049,"Erie County, PA",27,"1,125","$100,224",0.70,"7,450",94,1 : 1,-80.03257439,41.9921752
39085,"Lake County, OH",27,"1,631","$71,552",0.67,"7,314",136,3 : 1,-81.23712921,41.69689265
8001,"Adams County, CO",27,"7,818","$103,808",0.88,"6,980",652,2 : 1,-104.3375808,39.87357077
39093,"Lorain County, OH",27,"1,161","$67,968",0.46,"6,949",97,3 : 1,-82.1511144,41.29557931
20155,"Reno County, KS",27,274,"$54,144",0.39,"6,847",23,2 : 1,-98.08586348,37.95303921
37025,"Cabarrus County, NC",27,"1,062","$72,576",0.40,"6,831",89,2 : 1,-80.55133048,35.38756942
18163,"Vanderburgh County, IN",27,"1,837","$64,896",0.50,"6,808",153,2 : 1,-87.58559945,38.02551429
9130,"Lower Connecticut River Valley Planning Region, CT",27,"1,545","$75,136",0.72,"6,582",129,2 : 1,#N/A,#N/A
34015,"Gloucester County, NJ",27,834,"$85,248",0.44,"6,473",70,2 : 1,-75.14071747,39.71694144
12111,"St. Lucie County, FL",27,946,"$53,376",0.30,"6,265",79,2 : 1,-80.47111892,27.377528
27163,"Washington County, MN",27,"1,934","$77,184",0.69,"6,145",161,2 : 1,-92.88374367,45.03911139
27141,"Sherburne County, MN",27,664,"$73,088",0.53,"5,925",55,2 : 1,-93.77496918,45.44403172
27137,"St. Louis County, MN",27,"1,444","$73,088",0.83,"5,907",120,2 : 1,-92.46951183,47.60334656
6017,"El Dorado County, CA",27,793,"$82,816",0.56,"5,709",66,3 : 1,-120.5247066,38.77888901
25001,"Barnstable County, MA",27,693,"$79,104",0.41,"5,572",58,2 : 1,-70.2898624,41.7232979
42079,"Luzerne County, PA",27,"1,050","$72,576",0.47,"5,508",88,1 : 1,-75.98893638,41.17686973
45091,"York County, SC",27,"2,230","$100,224",0.83,"5,428",186,2 : 1,-81.18407852,34.9746458
36065,"Oneida County, NY",27,"1,746","$75,648",0.67,"5,304",146,2 : 1,-75.4358883,43.24167426
33013,"Merrimack County, NH",27,"3,351","$96,128",1.05,"5,297",279,2 : 1,-71.68059329,43.2975734
47179,"Washington County, TN",27,491,"$82,816",0.51,"5,187",41,2 : 1,-82.49711101,36.293414
34019,"Hunterdon County, NJ",27,947,"$109,952",0.94,"5,170",79,2 : 1,-74.91261058,40.56697742
40145,"Wagoner County, OK",27,194,"$60,288",0.51,"5,110",16,3 : 1,-95.52115154,35.96138606
37147,"Pitt County, NC",27,951,"$95,104",0.72,"5,021",79,2 : 1,-77.37489067,35.59325583
12113,"Santa Rosa County, FL",27,344,"$64,128",0.39,"4,968",29,2 : 1,-87.02194752,30.70016907
37101,"Johnston County, NC",27,866,"$64,896",0.58,"4,835",72,3 : 1,-78.36537336,35.51761602
28047,"Harrison County, MS",27,651,"$82,816",0.54,"4,834",54,1 : 1,-89.11140872,30.50439082
21015,"Boone County, KY",27,"1,096","$63,616",0.55,"4,503",91,2 : 1,-84.72794553,38.96984373
21117,"Kenton County, KY",27,"1,194","$71,552",0.66,"4,471",100,2 : 1,-84.53313887,38.93368118
34037,"Sussex County, NJ",27,"1,549","$99,712",1.08,"4,373",129,3 : 1,-74.69082533,41.13935722
23019,"Penobscot County, ME",27,667,"$68,864",0.54,"4,234",56,2 : 1,-68.64952115,45.40038149
13113,"Fayette County, GA",27,567,"$85,376",0.53,"4,077",47,2 : 1,-84.49428463,33.41303536
39089,"Licking County, OH",27,854,"$70,016",0.61,"4,057",71,2 : 1,-82.48290477,40.09170112
1117,"Shelby County, AL",27,"1,356","$82,304",0.59,"4,047",113,2 : 1,-86.66137476,33.26405258
20209,"Wyandotte County, KS",27,"4,422","$80,256",0.94,"4,010",369,2 : 1,-94.76482929,39.11438143
47165,"Sumner County, TN",27,590,"$59,776",0.31,"3,896",49,3 : 1,-86.46074089,36.46938867
19013,"Black Hawk County, IA",27,"1,592","$80,256",0.90,"3,857",133,2 : 1,-92.30867416,42.47009403
1103,"Morgan County, AL",27,"1,030","$89,984",0.71,"3,822",86,2 : 1,-86.85325062,34.45331009
48397,"Rockwall County, TX",27,293,"$60,032",0.34,"3,772",24,4 : 1,-96.40769484,32.89785884
47189,"Wilson County, TN",27,540,"$50,048",0.31,"3,711",45,3 : 1,-86.29778739,36.15428192
47001,"Anderson County, TN",27,"2,730","$89,984",1.99,"3,675",228,2 : 1,-84.19904346,36.11862903
18039,"Elkhart County, IN",27,"1,239","$59,520",0.53,"3,616",103,2 : 1,-85.85885682,41.59771704
17161,"Rock Island County, IL",27,"3,289","$90,496",1.38,"3,591",274,2 : 1,-90.56755378,41.46753509
24009,"Calvert County, MD",27,308,"$93,568",0.72,"3,530",26,2 : 1,-76.56882392,38.5437742
48181,"Grayson County, TX",27,363,"$67,968",0.34,"3,507",30,2 : 1,-96.67774905,33.62702927
51800,"Suffolk City County, VA",27,869,"$96,640",0.72,"3,437",72,3 : 1,-76.63944938,36.69549937
12085,"Martin County, FL",27,770,"$54,912",0.38,"3,316",64,2 : 1,-80.43133534,27.07737178
45041,"Florence County, SC",27,412,"$63,360",0.49,"3,250",34,1 : 1,-79.70224581,34.02447241
35028,"Los Alamos County, NM",27,"1,859","$118,656",2.90,"3,207",155,2 : 1,-106.3065081,35.86926339
6047,"Merced County, CA",27,895,"$89,856",0.54,"3,187",75,2 : 1,-120.7175058,37.19189197
48257,"Kaufman County, TX",27,242,"$67,968",0.29,"3,168",20,2 : 1,-96.2877972,32.59905385
20161,"Riley County, KS",27,493,"$58,752",0.59,"3,130",41,2 : 1,-96.7350396,39.29629774
47009,"Blount County, TN",27,825,"$57,216",0.60,"2,976",69,2 : 1,-83.92484736,35.68735498
17093,"Kendall County, IL",27,328,"$106,368",0.38,"2,960",27,2 : 1,-88.42879892,41.59088826
12015,"Charlotte County, FL",27,289,"$50,048",0.15,"2,935",24,2 : 1,-81.91185513,26.90579274
37019,"Brunswick County, NC",27,293,"$52,096",0.25,"2,833",24,2 : 1,-78.23791614,34.07037851
17037,"DeKalb County, IL",27,534,"$79,232",0.50,"2,813",45,2 : 1,-88.76979995,41.8933691
30049,"Lewis and Clark County, MT",27,"1,343","$95,104",1.67,"2,808",112,2 : 1,-112.3904537,47.12259745
41051,"Multnomah County, OR",27,"14,923","$97,664",0.88,"2,594","1,244",2 : 1,-122.4157429,45.54693681
22015,"Bossier Parish, LA",27,601,"$61,312",0.47,"2,475",50,3 : 1,-93.60428557,32.67882745
15001,"Hawaii County, HI",27,506,"$70,016",0.34,"2,461",42,2 : 1,-155.5211676,19.60123507
55039,"Fond du Lac County, WI",27,333,"$95,104",0.54,"2,415",28,2 : 1,-88.48885325,43.75354908
1015,"Calhoun County, AL",27,285,"$77,696",0.34,"2,344",24,2 : 1,-85.82574705,33.77141549
37057,"Davidson County, NC",27,453,"$69,504",0.39,"2,300",38,4 : 1,-80.21253309,35.79311799
41043,"Linn County, OR",27,710,"$68,992",0.50,"2,172",59,2 : 1,-122.5341835,44.48880768
21151,"Madison County, KY",27,504,"$58,240",0.51,"2,142",42,3 : 1,-84.27808893,37.71989076
47011,"Bradley County, TN",27,409,"$64,384",0.43,"2,029",34,2 : 1,-84.85962176,35.15369028
37085,"Harnett County, NC",27,197,"$62,336",0.27,"1,966",16,2 : 1,-78.86964365,35.368729
8067,"La Plata County, CO",27,237,"$69,888",0.53,"1,931",20,2 : 1,-107.843327,37.28655123
48135,"Ector County, TX",27,"1,017","$60,288",0.43,"1,855",85,3 : 1,-102.5429428,31.86898877
12031,"Duval County, FL",27,"16,067","$98,688",0.98,"1,825","1,339",2 : 1,-81.67063889,30.33214142
5051,"Garland County, AR",27,175,"$62,592",0.23,"1,718",15,2 : 1,-93.15048723,34.57659951
17091,"Kankakee County, IL",27,493,"$73,088",0.50,"1,704",41,2 : 1,-87.86189197,41.13747976
27025,"Chisago County, MN",27,243,"$80,768",0.68,"1,696",20,1 : 1,-92.90829767,45.5024111
27131,"Rice County, MN",27,309,"$61,952",0.41,"1,662",26,2 : 1,-93.2965986,44.35432778
37189,"Watauga County, NC",27,226,"$63,872",0.43,"1,655",19,2 : 1,-81.69605652,36.23087329
40131,"Rogers County, OK",27,373,"$62,336",0.48,"1,654",31,3 : 1,-95.60476511,36.37196654
28081,"Lee County, MS",27,290,"$78,208",0.55,"1,544",24,2 : 1,-88.68047663,34.28973933
6031,"Kings County, CA",27,411,"$83,200",0.45,"1,534",34,4 : 1,-119.8151995,36.07520008
42073,"Lawrence County, PA",27,210,"$75,136",0.44,"1,480",18,2 : 1,-80.33434051,40.99133874
13039,"Camden County, GA",27,338,"$95,616",0.85,"1,476",28,2 : 1,-81.67060271,30.93041791
45047,"Greenwood County, SC",27,254,"$72,576",0.61,"1,389",21,2 : 1,-82.12646941,34.15414545
48409,"San Patricio County, TX",27,358,"$74,112",0.57,"1,357",30,2 : 1,-97.51888305,28.00978811
39029,"Columbiana County, OH",27,255,"$75,136",0.50,"1,312",21,2 : 1,-80.77709087,40.76853311
21047,"Christian County, KY",27,439,"$70,016",0.45,"1,309",37,3 : 1,-87.49033769,36.89391023
39061,"Hamilton County, OH",27,"18,033","$98,688",1.15,"1,254","1,503",2 : 1,-84.54309843,39.19557749
24035,"Queen Anne's County, MD",27,154,"$74,624",0.47,"1,244",13,5 : 1,-76.0237387,39.06631908
36051,"Livingston County, NY",27,287,"$69,504",0.68,"1,150",24,2 : 1,-77.77517835,42.72855751
13029,"Bryan County, GA",27,99,"$82,816",0.28,"1,053",8,2 : 1,-81.44364706,32.0140721
27123,"Ramsey County, MN",27,"5,723","$88,448",0.93,965,477,2 : 1,-93.09987304,45.01747232
18093,"Lawrence County, IN",27,115,"$67,456",0.54,964,10,2 : 1,-86.48322849,38.84095382
37167,"Stanly County, NC",27,186,"$54,144",0.38,958,16,2 : 1,-80.25088954,35.31173842
36021,"Columbia County, NY",27,177,"$64,896",0.38,947,15,2 : 1,-73.63186276,42.25016297
48347,"Nacogdoches County, TX",27,97,"$60,416",0.46,942,8,1 : 1,-94.61593169,31.6162358
45031,"Darlington County, SC",27,155,"$82,176",0.70,931,13,1 : 1,-79.95766082,34.33234414
42015,"Bradford County, PA",27,157,"$66,816",0.50,880,13,1 : 1,-76.515651,41.78867556
42119,"Union County, PA",27,127,"$65,024",0.52,840,11,2 : 1,-77.06213019,40.9633376
39037,"Darke County, OH",27,177,"$75,008",0.53,829,15,1 : 1,-84.61945793,40.13381861
37139,"Pasquotank County, NC",27,275,"$71,040",0.59,805,23,2 : 1,-76.28360001,36.29472462
17177,"Stephenson County, IL",27,171,"$75,136",0.39,778,14,2 : 1,-89.66268151,42.35166558
29165,"Platte County, MO",27,"1,938","$81,792",0.90,773,162,3 : 1,-94.77380125,39.38073683
29027,"Callaway County, MO",27,242,"$103,808",0.67,756,20,2 : 1,-91.92616939,38.83570509
21049,"Clark County, KY",27,203,"$60,288",0.46,730,17,3 : 1,-84.14820158,37.97054025
48499,"Wood County, TX",27,59,"$52,096",0.21,673,5,2 : 1,-95.38204393,32.78643978
18151,"Steuben County, IN",27,131,"$60,032",0.32,664,11,2 : 1,-85.00106921,41.64408329
1127,"Walker County, AL",27,90,"$60,288",0.21,656,8,2 : 1,-87.29727889,33.80316281
6005,"Amador County, CA",27,128,"$92,928",0.47,650,11,3 : 1,-120.651296,38.44638702
13233,"Polk County, GA",27,54,"$87,424",0.32,638,5,2 : 1,-85.18805562,34.00190077
48325,"Medina County, TX",27,76,"$82,688",0.34,634,6,2 : 1,-99.11033508,29.35546127
22121,"West Baton Rouge Parish, LA",27,203,"$94,080",0.64,581,17,5 : 1,-91.3125095,30.46264338
13175,"Laurens County, GA",27,93,"$113,536",0.25,572,8,2 : 1,-82.92233434,32.46355824
40083,"Logan County, OK",27,57,"$67,968",0.26,544,5,3 : 1,-97.44308101,35.91913897
31053,"Dodge County, NE",27,147,"$62,208",0.30,537,12,2 : 1,-96.6539044,41.57781563
46029,"Codington County, SD",27,210,"$64,896",0.73,536,18,1 : 1,-97.18860384,44.97790512
26105,"Mason County, MI",27,58,"$48,384",0.38,472,5,2 : 1,-86.25017381,43.99535369
17021,"Christian County, IL",27,154,"$122,624",0.71,462,13,2 : 1,-89.27760111,39.54582799
8015,"Chaffee County, CO",27,16,"$44,288",0.18,460,1,2 : 1,-106.1940269,38.74728839
27119,"Polk County, MN",27,95,"$56,192",0.48,455,8,2 : 1,-96.40222842,47.77395991
29091,"Howell County, MO",27,72,"$66,432",0.34,445,6,2 : 1,-91.88649829,36.77371722
27093,"Meeker County, MN",27,77,"$68,352",0.74,443,6,2 : 1,-94.52871063,45.12332877
26151,"Sanilac County, MI",27,53,"$75,008",0.53,439,4,2 : 1,-82.82063341,43.4237632
24029,"Kent County, MD",27,97,"$61,184",0.52,437,8,2 : 1,-76.0404081,39.25416924
23029,"Washington County, ME",27,49,"$39,808",0.31,393,4,1 : 1,-67.62910779,45.02177186
27161,"Waseca County, MN",27,60,"$60,160",0.74,387,5,1 : 1,-93.58720505,44.0220714
32013,"Humboldt County, NV",27,135,"$83,328",0.82,386,11,2 : 1,-118.1118195,41.4063802
21081,"Grant County, KY",27,29,"$64,640",0.21,378,2,2 : 1,-84.62407384,38.64914531
48233,"Hutchinson County, TX",27,162,"$85,760",1.00,357,14,2 : 1,-101.3546643,35.84006574
48299,"Llano County, TX",27,23,"$42,496",0.16,331,2,2 : 1,-98.68429358,30.70581617
29049,"Clinton County, MO",27,34,"$48,512",0.22,324,3,2 : 1,-94.40468366,39.60124265
28113,"Pike County, MS",27,28,"$47,232",0.23,316,2,1 : 1,-90.40396978,31.17495895
18097,"Marion County, IN",27,"20,189","$91,520",1.14,314,"1,682",3 : 1,-86.13826325,39.78163624
18159,"Tipton County, IN",27,59,"$39,552",0.59,309,5,2 : 1,-86.05195096,40.31121117
17039,"De Witt County, IL",27,90,"$98,048",0.41,307,8,2 : 1,-88.90408529,40.17434051
39047,"Fayette County, OH",27,137,"$77,696",0.39,297,11,2 : 1,-83.4560853,39.56023827
48323,"Maverick County, TX",27,39,"$43,776",0.30,294,3,1 : 1,-100.3147083,28.74262555
18087,"Lagrange County, IN",27,83,"$49,920",0.44,279,7,2 : 1,-85.42669106,41.64234778
6035,"Lassen County, CA",27,46,"$70,400",0.24,279,4,1 : 1,-120.5947447,40.6733613
28107,"Panola County, MS",27,40,"$71,936",0.28,278,3,2 : 1,-89.95079634,34.3639856
55125,"Vilas County, WI",27,18,"$54,784",0.30,273,2,2 : 1,-89.51508258,46.05275508
18135,"Randolph County, IN",27,49,"$54,272",0.45,257,4,2 : 1,-85.0114051,40.15748383
45001,"Abbeville County, SC",27,32,"$77,696",0.43,243,3,2 : 1,-82.45872709,34.22269468
31033,"Cheyenne County, NE",27,33,"$65,792",0.45,237,3,2 : 1,-102.9949509,41.21970871
55103,"Richland County, WI",27,22,"$100,096",0.55,237,2,1 : 1,-90.42949677,43.37567167
29151,"Osage County, MO",27,98,"$122,752",1.09,234,8,1 : 1,-91.86178101,38.46015852
48089,"Colorado County, TX",27,35,"$73,600",0.50,229,3,1 : 1,-96.52613796,29.62080587
5071,"Johnson County, AR",27,22,"$35,581",0.20,227,2,2 : 1,-93.46000035,35.57001766
45035,"Dorchester County, SC",27,554,"$66,944",0.34,226,46,2 : 1,-80.40502258,33.07948049
12133,"Washington County, FL",27,78,"$54,016",0.77,220,7,2 : 1,-85.66575949,30.61054912
19055,"Delaware County, IA",27,95,"$47,488",0.65,217,8,2 : 1,-91.36741055,42.4713865
2240,"Southeast Fairbanks Census Area, AK",27,106,"$93,440",1.71,216,9,2 : 1,-143.2069204,63.87695823
17173,"Shelby County, IL",27,31,"$60,160",0.56,215,3,2 : 1,-88.80591091,39.39127226
48189,"Hale County, TX",27,65,"$58,112",0.28,214,5,2 : 1,-101.8268114,34.07044901
13083,"Dade County, GA",27,84,"$52,480",0.70,213,7,2 : 1,-85.50458952,34.85458429
55013,"Burnett County, WI",27,668,"$69,888",3.62,211,56,2 : 1,-92.36769812,45.86286431
48051,"Burleson County, TX",27,69,"$62,336",0.56,207,6,2 : 1,-96.62105771,30.49219576
17131,"Mercer County, IL",27,35,"$87,296",0.36,198,3,3 : 1,-90.74108384,41.20543704
47133,"Overton County, TN",27,8,"$80,000",0.12,192,1,1 : 1,-85.28818727,36.34428251
5089,"Marion County, AR",27,28,"$49,416",0.66,190,2,1 : 1,-92.68397295,36.26842934
20031,"Coffey County, KS",27,137,"$69,888",1.94,184,11,1 : 1,-95.73407587,38.23677253
47005,"Benton County, TN",27,1,"$55,752",0.03,179,0,1 : 1,-88.06869913,36.06961024
13241,"Rabun County, GA",27,46,"$59,904",0.56,178,4,1 : 1,-83.40264155,34.88165754
51119,"Middlesex County, VA",27,16,"$55,296",0.22,173,1,2 : 1,-76.56869484,37.62970349
35057,"Torrance County, NM",27,40,"$69,504",0.41,170,3,2 : 1,-105.8505392,34.64043207
53001,"Adams County, WA",27,39,"$65,792",0.49,169,3,1 : 1,-118.5603559,46.98352425
19141,"O'Brien County, IA",27,89,"$48,384",0.44,168,7,2 : 1,-95.62474725,43.0836202
45069,"Marlboro County, SC",27,51,"$75,648",0.81,167,4,1 : 1,-79.67845191,34.60180925
17015,"Carroll County, IL",27,45,"$60,032",0.54,164,4,2 : 1,-89.93380816,42.06794659
1019,"Cherokee County, AL",27,14,"$80,000",0.25,163,1,2 : 1,-85.60387066,34.17588713
1057,"Fayette County, AL",27,28,"$76,160",0.39,160,2,2 : 1,-87.73924331,33.72117266
18009,"Blackford County, IN",27,39,"$70,912",0.44,151,3,1 : 1,-85.32478758,40.47378705
21229,"Washington County, KY",27,24,"$33,408",0.30,132,2,2 : 1,-85.17499676,37.75352228
19115,"Louisa County, IA",27,9,"$54,000",0.15,127,1,1 : 1,-91.25958262,41.21843405
21065,"Estill County, KY",27,6,Insf. Data,0.14,126,1,1 : 1,-83.96441737,37.6925357
5037,"Cross County, AR",27,26,"$45,568",0.31,122,2,1 : 1,-90.77181286,35.29547453
16015,"Boise County, ID",27,31,"$48,128",1.42,113,3,1 : 1,-115.730321,43.98909247
27031,"Cook County, MN",27,5,"$91,392",0.27,111,0,2 : 1,-90.53150846,47.90304185
5123,"St. Francis County, AR",27,54,"$107,520",0.32,110,5,2 : 1,-90.74840472,35.02180511
48163,"Frio County, TX",27,49,"$48,128",0.46,108,4,1 : 1,-99.10804207,28.86751206
48445,"Terry County, TX",27,14,"$96,256",0.22,102,1,2 : 1,-102.3354521,33.17402785
31035,"Clay County, NE",27,20,"$75,008",0.74,89,2,1 : 1,-98.05126296,40.52439441
13317,"Wilkes County, GA",27,33,"$132,864",0.50,82,3,1 : 1,-82.74345686,33.78219274
19051,"Davis County, IA",27,8,"$48,384",0.29,82,1,2 : 1,-92.41006563,40.74775139
55091,"Pepin County, WI",27,22,"$49,408",0.48,81,2,2 : 1,-92.00178921,44.58302681
5021,"Clay County, AR",27,53,"$123,648",1.21,75,4,1 : 1,-90.41718919,36.36822542
46077,"Kingsbury County, SD",27,9,"$47,643",0.32,64,1,1 : 1,-97.4913945,44.36956169
20053,"Ellsworth County, KS",27,13,"$33,280",0.30,56,1,2 : 1,-98.20501891,38.6967292
46087,"McCook County, SD",27,18,"$49,664",0.31,56,2,2 : 1,-97.36854569,43.67426214
28053,"Humphreys County, MS",27,6,"$73,476",0.53,52,1,1 : 1,-90.52684783,33.12856998
28015,"Carroll County, MS",27,7,"$25,797",0.44,47,1,1 : 1,-89.92031051,33.44884455
46117,"Stanley County, SD",27,17,"$68,352",0.58,46,1,2 : 1,-100.7360867,44.41245198
48103,"Crane County, TX",27,31,"$82,368",0.93,46,3,2 : 1,-102.5151699,31.4287137
48333,"Mills County, TX",27,4,"$120,000",0.14,45,0,1 : 1,-98.59562176,31.49516229
13165,"Jenkins County, GA",27,17,"$58,112",0.44,44,1,2 : 1,-81.96350449,32.79247176
40043,"Dewey County, OK",27,3,"$87,000",0.34,44,0,2 : 1,-99.00647121,35.98768882
48211,"Hemphill County, TX",27,5,Insf. Data,0.86,44,0,2 : 1,-100.2703577,35.83764858
13141,"Hancock County, GA",27,1,"$82,000",0.05,43,0,3 : 1,-83.00098883,33.27020552
20119,"Meade County, KS",27,6,Insf. Data,0.48,40,1,1 : 1,-100.3655617,37.23826363
13037,"Calhoun County, GA",27,4,Insf. Data,0.33,37,0,5 : 1,-84.62376804,31.52887387
31031,"Cherry County, NE",27,15,"$73,984",0.56,35,1,2 : 1,-101.1185272,42.54499866
20185,"Stafford County, KS",27,8,"$33,280",0.63,34,1,1 : 1,-98.71763136,38.03102509
20183,"Smith County, KS",27,17,"$90,880",1.05,32,1,2 : 1,-98.78566877,39.78517466
8025,"Crowley County, CO",27,8,"$85,248",0.30,29,1,3 : 1,-103.7838298,38.32685938
29197,"Schuyler County, MO",27,4,"$86,500",0.62,23,0,2 : 1,-92.5207783,40.47023216
28125,"Sharkey County, MS",27,13,"$57,221",1.70,22,1,1 : 1,-90.81343618,32.88000015
46085,"Lyman County, SD",27,14,"$72,960",0.82,19,1,2 : 1,-99.84735699,43.89597621
29227,"Worth County, MO",27,17,"$68,864",1.47,15,1,1 : 1,-94.42191277,40.47867651
46059,"Hand County, SD",27,27,"$58,112",0.94,15,2,3 : 1,-99.00538393,44.54798838
46107,"Potter County, SD",27,11,"$50,432",0.41,13,1,2 : 1,-99.9571321,45.06449392
20075,"Hamilton County, KS",27,7,"$125,000",0.99,11,1,2 : 1,-101.7915769,37.9991797
48101,"Cottle County, TX",27,2,Insf. Data,0.68,11,0,3 : 1,-100.2787087,34.07767347
30079,"Prairie County, MT",27,191,"$94,464",0.60,8,16,1 : 1,-105.3780231,46.86049013
2999,"[Alaska, county not reported]",27,489,"$87,808",3.24,0,41,2 : 1,#N/A,#N/A
4999,"[Arizona, county not reported]",27,"5,397","$115,072",1.71,0,450,1 : 1,#N/A,#N/A
8031,"Denver County, CO",27,"24,123","$107,392",1.35,0,"2,010",2 : 1,-104.8760248,39.76129114
12999,"[Florida, county not reported]",27,"4,291","$122,752",2.51,0,358,1 : 1,#N/A,#N/A
21999,"[Kentucky, county not reported]",27,"3,016","$123,776",2.85,0,251,1 : 1,#N/A,#N/A
29510,"St. Louis City County, MO",27,"7,400","$100,224",1.32,0,617,2 : 1,-90.24484413,38.63654694
31999,"[Nebraska, county not reported]",27,"4,276","$119,680",2.54,0,356,1 : 1,#N/A,#N/A
33999,"[New Hampshire, county not reported]",27,"2,106","$127,744",2.75,0,176,1 : 1,#N/A,#N/A
39999,"[Ohio, county not reported]",27,"5,959","$120,064",1.96,0,497,1 : 1,#N/A,#N/A
40999,"[Oklahoma, county not reported]",27,"4,961","$119,680",1.94,0,413,1 : 1,#N/A,#N/A
41999,"[Oregon, county not reported]",27,"3,544","$122,112",2.49,0,295,1 : 1,#N/A,#N/A
42101,"Philadelphia County, PA",27,"25,790","$108,928",1.31,0,"2,149",2 : 1,-75.13324284,40.00806441
42045,"Delaware County, PA",26,"4,188","$108,416",0.77,"134,196",349,2 : 1,-75.39915513,39.9166501
11001,"District of Columbia County, DC",26,"54,473","$122,112",2.12,"112,660","4,539",2 : 1,-77.01629654,38.90478149
27003,"Anoka County, MN",26,"4,320","$100,736",1.08,"111,579",360,2 : 1,-93.24708307,45.27314304
37183,"Wake County, NC",26,"30,505","$109,440",1.42,"110,287","2,542",2 : 1,-78.65050164,35.78982367
42003,"Allegheny County, PA",26,"23,599","$100,224",1.16,"83,066","1,967",2 : 1,-79.9817588,40.46880438
12095,"Orange County, FL",26,"22,655","$100,736",1.01,"82,345","1,888",2 : 1,-81.32311592,28.51429239
12057,"Hillsborough County, FL",26,"28,642","$109,952",1.17,"72,688","2,387",3 : 1,-82.30867294,27.92948052
34023,"Middlesex County, NJ",26,"12,566","$109,952",1.19,"54,729","1,047",2 : 1,-74.41108832,40.43949114
9110,"Capitol Planning Region, CT",26,"22,194","$114,560",1.25,"53,245","1,850",2 : 1,#N/A,#N/A
47037,"Davidson County, TN",26,"16,444","$97,152",0.92,"48,175","1,370",2 : 1,-86.78502875,36.16932462
6013,"Contra Costa County, CA",26,"7,937","$114,432",0.70,"43,706",661,3 : 1,-121.9281273,37.91933375
17197,"Will County, IL",26,"4,171","$100,224",0.56,"33,235",348,2 : 1,-87.97829555,41.44485087
12103,"Pinellas County, FL",26,"9,216","$85,376",0.65,"32,952",768,3 : 1,-82.73164012,27.92895178
34003,"Bergen County, NJ",26,"8,905","$114,560",0.92,"29,749",742,2 : 1,-74.07441147,40.96008351
51153,"Prince William County, VA",26,"4,537","$115,072",1.47,"29,575",378,2 : 1,-77.48028729,38.70276099
24005,"Baltimore County, MD",26,"7,163","$98,688",0.99,"28,319",597,2 : 1,-76.63603021,39.4596552
42029,"Chester County, PA",26,"7,751","$109,440",1.41,"27,387",646,2 : 1,-75.74843926,39.97329798
20173,"Sedgwick County, KS",26,"8,412","$79,232",0.97,"26,381",701,3 : 1,-97.46083703,37.68448116
34027,"Morris County, NJ",26,"10,863","$114,560",1.54,"23,118",905,2 : 1,-74.54440839,40.86163004
27053,"Hennepin County, MN",26,"31,846","$108,928",1.25,"20,524","2,654",2 : 1,-93.47715121,45.00479678
34035,"Somerset County, NJ",26,"8,019","$120,064",1.96,"18,829",668,2 : 1,-74.61645904,40.56375707
39049,"Franklin County, OH",26,"28,844","$101,760",1.29,"18,652","2,404",2 : 1,-83.0091231,39.96927249
6077,"San Joaquin County, CA",26,"2,643","$79,232",0.38,"16,139",220,4 : 1,-121.2712102,37.9345275
34007,"Camden County, NJ",26,"3,137","$102,272",0.66,"15,053",261,2 : 1,-74.96012063,39.80401748
34005,"Burlington County, NJ",26,"4,410","$106,880",1.08,"14,946",368,2 : 1,-74.6680045,39.87782133
25005,"Bristol County, MA",26,"2,836","$82,816",0.53,"14,801",236,2 : 1,-71.11419448,41.79709525
42077,"Lehigh County, PA",26,"3,605","$87,424",0.74,"14,191",300,2 : 1,-75.59214444,40.61280627
42095,"Northampton County, PA",26,"1,950","$79,744",0.62,"11,162",163,2 : 1,-75.30735363,40.75446063
42011,"Berks County, PA",26,"2,627","$86,400",0.75,"11,114",219,4 : 1,-75.92604322,40.41644424
6095,"Solano County, CA",26,"2,215","$86,784",0.48,"10,958",185,3 : 1,-121.9331593,38.27025048
37051,"Cumberland County, NC",26,"3,657","$87,936",0.78,"10,333",305,3 : 1,-78.82718356,35.04887721
39165,"Warren County, OH",26,"2,843","$85,376",1.05,"10,330",237,2 : 1,-84.16728624,39.42735056
41005,"Clackamas County, OR",26,"3,667","$90,496",0.61,"10,247",306,2 : 1,-122.2205544,45.18820387
37135,"Orange County, NC",26,"1,317","$78,208",0.53,"9,901",110,3 : 1,-79.12071407,36.06127743
47187,"Williamson County, TN",26,"4,440","$95,104",1.01,"9,124",370,2 : 1,-86.89830897,35.89405608
36093,"Schenectady County, NY",26,"1,330","$100,096",1.32,"8,523",111,2 : 1,-74.05833636,42.81832249
13059,"Clarke County, GA",26,"1,845","$62,336",0.62,"7,154",154,2 : 1,-83.36755873,33.95097841
48209,"Hays County, TX",26,"1,540","$70,528",0.54,"6,829",128,2 : 1,-98.03105783,30.05810528
36071,"Orange County, NY",26,914,"$76,160",0.42,"6,795",76,2 : 1,-74.30558896,41.40198158
17167,"Sangamon County, IL",26,"5,365","$106,368",1.11,"6,520",447,2 : 1,-89.65883945,39.75818327
26093,"Livingston County, MI",26,662,"$70,016",0.42,"6,397",55,2 : 1,-83.9117077,42.60389287
51087,"Henrico County, VA",26,"6,329","$100,224",1.26,"5,774",527,2 : 1,-77.40505652,37.53796421
44003,"Kent County, RI",26,"1,215","$88,448",0.55,"5,772",101,2 : 1,-71.59305645,41.6720081
1125,"Tuscaloosa County, AL",26,"1,212","$77,696",0.55,"5,304",101,2 : 1,-87.52558359,33.28952146
51179,"Stafford County, VA",26,969,"$106,752",1.12,"4,993",81,2 : 1,-77.45796206,38.4206167
4021,"Pinal County, AZ",26,"1,390","$75,136",0.63,"4,820",116,2 : 1,-111.34488,32.90415087
22017,"Caddo Parish, LA",26,"2,213","$72,064",0.57,"4,629",184,3 : 1,-93.88236667,32.5802177
37001,"Alamance County, NC",26,"1,172","$75,136",0.56,"4,591",98,3 : 1,-79.39913194,36.04378576
41029,"Jackson County, OR",26,701,"$82,304",0.41,"4,570",58,2 : 1,-122.728377,42.43216537
29099,"Jefferson County, MO",26,541,"$121,728",0.52,"4,459",45,2 : 1,-90.53780688,38.26079127
36005,"Bronx County, NY",26,"1,321","$83,328",0.37,"4,373",110,2 : 1,-73.8615688,40.85091824
1003,"Baldwin County, AL",26,653,"$63,616",0.25,"4,361",54,2 : 1,-87.72274477,30.72782468
6107,"Tulare County, CA",26,"1,103","$73,472",0.36,"4,270",92,3 : 1,-118.8004216,36.22081997
13073,"Columbia County, GA",26,331,"$75,136",0.46,"4,234",28,2 : 1,-82.26371951,33.54404762
26021,"Berrien County, MI",26,"1,141","$75,136",0.62,"4,219",95,2 : 1,-86.41252941,41.95468812
39099,"Mahoning County, OH",26,652,"$77,696",0.37,"4,074",54,2 : 1,-80.7763711,41.01467607
45007,"Anderson County, SC",26,828,"$68,992",0.58,"3,804",69,2 : 1,-82.63793115,34.5189668
13021,"Bibb County, GA",26,"1,553","$77,696",0.47,"3,789",129,2 : 1,-83.69682554,32.80691473
48187,"Guadalupe County, TX",26,646,"$62,336",0.43,"3,783",54,2 : 1,-97.9484645,29.58321407
36111,"Ulster County, NY",26,367,"$73,984",0.47,"3,669",31,1 : 1,-74.25878826,41.888126
27171,"Wright County, MN",26,345,"$64,768",0.30,"3,614",29,2 : 1,-93.96334763,45.1738141
17179,"Tazewell County, IL",26,973,"$69,504",0.61,"3,516",81,2 : 1,-89.51334003,40.50758831
45013,"Beaufort County, SC",26,554,"$62,336",0.23,"3,395",46,2 : 1,-80.73004378,32.3853684
47119,"Maury County, TN",26,601,"$77,696",0.52,"3,332",50,2 : 1,-87.0771147,35.6177569
39155,"Trumbull County, OH",26,493,"$61,312",0.44,"3,117",41,2 : 1,-80.76110735,41.31734436
19061,"Dubuque County, IA",26,689,"$82,816",0.64,"3,071",57,2 : 1,-90.88262627,42.46858503
24015,"Cecil County, MD",26,455,"$101,248",0.61,"2,941",38,3 : 1,-75.94133759,39.57067423
39109,"Miami County, OH",26,661,"$85,376",0.71,"2,924",55,2 : 1,-84.22868895,40.05414393
42055,"Franklin County, PA",26,478,"$101,248",0.60,"2,883",40,1 : 1,-77.72158008,39.92745705
18059,"Hancock County, IN",26,490,"$67,456",0.61,"2,610",41,3 : 1,-85.77325696,39.82296118
18035,"Delaware County, IN",26,313,"$60,032",0.32,"2,582",26,3 : 1,-85.39732772,40.22787247
40031,"Comanche County, OK",26,516,"$62,336",0.44,"2,521",43,2 : 1,-98.47164344,34.6620099
12035,"Flagler County, FL",26,120,"$54,656",0.30,"2,399",10,2 : 1,-81.31358003,29.46163468
30029,"Flathead County, MT",26,418,"$68,992",0.38,"2,386",35,2 : 1,-114.0497122,48.29520088
36117,"Wayne County, NY",26,392,"$67,968",0.53,"2,309",33,2 : 1,-77.02965084,43.15652579
38035,"Grand Forks County, ND",26,559,"$68,480",0.59,"2,307",47,2 : 1,-97.45708074,47.92166578
39063,"Hancock County, OH",26,490,"$75,136",0.53,"2,298",41,2 : 1,-83.66630827,41.00178146
9150,"Northeastern Connecticut Planning Region, CT",26,325,"$75,136",0.33,"2,279",27,2 : 1,#N/A,#N/A
41071,"Yamhill County, OR",26,411,"$83,200",0.30,"2,260",34,3 : 1,-123.3078799,45.23269019
37105,"Lee County, NC",26,580,"$67,456",0.69,"2,254",48,2 : 1,-79.17158398,35.47515626
39159,"Union County, OH",26,"1,491","$87,808",2.11,"2,239",124,2 : 1,-83.37130174,40.29926661
29071,"Franklin County, MO",26,372,"$109,952",0.45,"2,173",31,2 : 1,-91.07489027,38.4111314
50023,"Washington County, VT",26,"7,836","$127,872",2.73,"2,159",653,1 : 1,-72.61502314,44.27309445
36045,"Jefferson County, NY",26,240,"$94,976",0.41,"2,099",20,1 : 1,-75.93125006,44.04796973
30013,"Cascade County, MT",26,356,"$70,528",0.64,"2,023",30,2 : 1,-111.3474099,47.30823753
21073,"Franklin County, KY",26,"1,328","$87,424",1.32,"1,953",111,3 : 1,-84.87704049,38.23894371
51099,"King George County, VA",26,"1,662","$109,952",4.51,"1,904",139,2 : 1,-77.15723124,38.27358126
21059,"Daviess County, KY",26,570,"$73,088",0.52,"1,867",48,2 : 1,-87.08762263,37.73176143
13013,"Barrow County, GA",26,187,"$44,672",0.31,"1,862",16,2 : 1,-83.71288108,33.99268452
1051,"Elmore County, AL",26,67,"$60,032",0.16,"1,820",6,2 : 1,-86.14884036,32.59724126
26073,"Isabella County, MI",26,224,"$62,592",0.60,"1,773",19,2 : 1,-84.84664923,43.64060976
53015,"Cowlitz County, WA",26,320,"$78,592",0.44,"1,725",27,2 : 1,-122.6802732,46.19321499
48361,"Orange County, TX",26,373,"$85,248",0.70,"1,697",31,2 : 1,-93.89437408,30.12099964
36089,"St. Lawrence County, NY",26,290,"$83,328",0.54,"1,582",24,2 : 1,-75.06907698,44.49647794
29043,"Christian County, MO",26,169,"$106,368",0.32,"1,525",14,1 : 1,-93.18847844,36.96906632
55027,"Dodge County, WI",26,350,"$63,360",0.45,"1,430",29,2 : 1,-88.70770995,43.41581374
55033,"Dunn County, WI",26,106,"$54,784",0.57,"1,404",9,2 : 1,-91.89653391,44.94674851
55021,"Columbia County, WI",26,"2,040","$57,984",1.91,"1,392",170,2 : 1,-89.33408259,43.4669904
53009,"Clallam County, WA",26,157,"$69,376",0.32,"1,385",13,2 : 1,-123.9277111,48.04911666
27099,"Mower County, MN",26,311,"$77,696",0.73,"1,374",26,2 : 1,-92.75235164,43.67138759
28149,"Warren County, MS",26,365,"$92,544",0.79,"1,370",30,2 : 1,-90.8514399,32.35637859
27027,"Clay County, MN",26,330,"$66,944",0.45,"1,346",28,2 : 1,-96.49066248,46.89214202
42037,"Columbia County, PA",26,301,"$79,744",0.66,"1,313",25,1 : 1,-76.4051503,41.04903639
42063,"Indiana County, PA",26,632,"$68,480",0.92,"1,298",53,1 : 1,-79.08763255,40.65207806
2110,"Juneau Borough, AK",26,"2,457","$104,192",1.94,"1,273",205,1 : 1,-134.1764399,58.45091866
1001,"Autauga County, AL",26,121,"$61,056",0.24,"1,239",10,2 : 1,-86.64289976,32.53514228
42097,"Northumberland County, PA",26,204,"$69,888",0.46,"1,233",17,2 : 1,-76.70893391,40.85142483
53071,"Walla Walla County, WA",26,206,"$78,080",0.47,"1,202",17,2 : 1,-118.4785331,46.22968278
36019,"Clinton County, NY",26,248,"$65,024",0.52,"1,178",21,2 : 1,-73.67828248,44.74606721
8045,"Garfield County, CO",26,176,"$80,128",0.33,"1,142",15,2 : 1,-107.9036205,39.59941978
36107,"Tioga County, NY",26,262,"$119,552",1.60,"1,110",22,2 : 1,-76.3061895,42.17034639
30093,"Silver Bow County, MT",26,289,"$86,400",0.92,"1,097",24,2 : 1,-112.6566556,45.90234114
53037,"Kittitas County, WA",26,119,"$75,520",0.48,"1,078",10,1 : 1,-120.679712,47.12448572
37077,"Granville County, NC",26,363,"$87,296",0.74,"1,069",30,3 : 1,-78.65301,36.30365992
47145,"Roane County, TN",26,44,"$85,248",0.15,"1,048",4,2 : 1,-84.52335538,35.84762955
23003,"Aroostook County, ME",26,144,"$53,120",0.46,"1,033",12,1 : 1,-68.5987449,46.65913528
51069,"Frederick County, VA",26,360,"$116,096",0.95,"1,033",30,2 : 1,-78.26241473,39.2045848
40037,"Creek County, OK",26,152,"$60,032",0.38,"1,022",13,3 : 1,-96.37089402,35.90233119
37087,"Haywood County, NC",26,75,"$57,856",0.12,976,6,2 : 1,-82.98251028,35.55576195
13255,"Spalding County, GA",26,215,"$76,160",0.42,963,18,2 : 1,-84.28381621,33.26065533
29113,"Lincoln County, MO",26,113,"$127,872",0.54,948,9,2 : 1,-90.96009523,39.05829936
47167,"Tipton County, TN",26,75,"$83,840",0.34,942,6,4 : 1,-89.75925274,35.49692909
21113,"Jessamine County, KY",26,148,"$57,472",0.29,921,12,4 : 1,-84.58031888,37.87235886
41041,"Lincoln County, OR",26,246,"$82,176",0.39,901,21,2 : 1,-123.8682744,44.64147054
17183,"Vermilion County, IL",26,233,"$80,128",0.31,881,19,2 : 1,-87.73292603,40.18371674
51590,"Danville City County, VA",26,284,"$62,592",0.35,854,24,2 : 1,-79.40912354,36.58309677
47021,"Cheatham County, TN",26,170,"$82,688",0.45,852,14,2 : 1,-87.08648326,36.26140435
18033,"DeKalb County, IN",26,412,"$60,032",0.62,846,34,4 : 1,-84.99898798,41.39806132
40101,"Muskogee County, OK",26,204,"$62,080",0.33,815,17,2 : 1,-95.37949187,35.61612948
17141,"Ogle County, IL",26,288,"$95,104",0.64,811,24,3 : 1,-89.32021067,42.04257451
36017,"Chenango County, NY",26,414,"$87,424",1.04,791,35,1 : 1,-75.61144344,42.49352629
36043,"Herkimer County, NY",26,42,"$44,800",0.21,761,4,1 : 1,-74.96255405,43.41936241
17049,"Effingham County, IL",26,166,"$81,152",0.62,754,14,2 : 1,-88.58969703,39.05935691
48143,"Erath County, TX",26,92,"$41,600",0.41,754,8,1 : 1,-98.21770884,32.23614282
51149,"Prince George County, VA",26,370,"$82,688",0.96,752,31,2 : 1,-77.22446275,37.18648609
39135,"Preble County, OH",26,165,"$95,104",0.58,747,14,2 : 1,-84.64804448,39.74220535
6009,"Calaveras County, CA",26,75,"$62,976",0.29,746,6,2 : 1,-120.554132,38.20478056
18069,"Huntington County, IN",26,202,"$58,240",0.49,725,17,3 : 1,-85.48831237,40.82907594
37169,"Stokes County, NC",26,59,"$57,856",0.26,722,5,2 : 1,-80.23912302,36.40186627
37099,"Jackson County, NC",26,145,"$51,840",0.37,709,12,2 : 1,-83.14111074,35.28733908
36073,"Orleans County, NY",26,83,"$45,952",0.37,705,7,2 : 1,-78.23141929,43.25158537
20037,"Crawford County, KS",26,73,"$40,064",0.30,697,6,1 : 1,-94.85185156,37.50702733
20079,"Harvey County, KS",26,272,"$47,488",0.62,693,23,4 : 1,-97.42729333,38.04321442
1049,"DeKalb County, AL",26,246,"$60,288",0.62,674,21,3 : 1,-85.80378574,34.46023769
51191,"Washington County, VA",26,191,"$58,240",0.35,660,16,2 : 1,-81.95959909,36.72455999
36003,"Allegany County, NY",26,67,"$83,200",0.37,657,6,2 : 1,-78.02730689,42.25731952
47103,"Lincoln County, TN",26,91,"$46,848",0.49,631,8,1 : 1,-86.58840969,35.14053022
13137,"Habersham County, GA",26,110,"$52,096",0.41,626,9,2 : 1,-83.53054815,34.63090057
18107,"Montgomery County, IN",26,135,"$67,328",0.38,624,11,2 : 1,-86.89342256,40.04037231
22011,"Beauregard Parish, LA",26,75,"$83,328",0.53,609,6,2 : 1,-93.3436646,30.64776149
42083,"McKean County, PA",26,47,"$58,880",0.33,609,4,1 : 1,-78.56888029,41.80786813
13227,"Pickens County, GA",26,89,"$45,824",0.40,593,7,1 : 1,-84.46567239,34.46423209
47123,"Monroe County, TN",26,158,"$39,552",0.55,588,13,2 : 1,-84.25271451,35.44293343
48349,"Navarro County, TX",26,143,"$66,944",0.40,574,12,2 : 1,-96.47280759,32.04696933
16039,"Elmore County, ID",26,111,"$65,792",0.47,506,9,2 : 1,-115.4691486,43.35417471
4009,"Graham County, AZ",26,117,"$81,664",0.61,501,10,3 : 1,-109.8875198,32.93295414
42065,"Jefferson County, PA",26,46,"$95,488",0.39,493,4,1 : 1,-78.99967226,41.12829657
48241,"Jasper County, TX",26,52,"$46,592",0.49,478,4,2 : 1,-94.02607231,30.74482946
26137,"Otsego County, MI",26,81,"$71,040",0.33,477,7,2 : 1,-84.59972828,45.02079452
36031,"Essex County, NY",26,81,"$75,008",0.33,461,7,1 : 1,-73.77248171,44.11702035
20059,"Franklin County, KS",26,77,"$51,456",0.26,460,6,2 : 1,-95.28621552,38.56442768
18103,"Miami County, IN",26,29,"$86,400",0.22,447,2,2 : 1,-86.04523681,40.76954805
31157,"Scotts Bluff County, NE",26,92,"$75,008",0.23,426,8,2 : 1,-103.7084612,41.85095717
46083,"Lincoln County, SD",26,608,"$75,136",0.52,424,51,2 : 1,-96.7217084,43.27884092
29107,"Lafayette County, MO",26,108,"$125,824",0.41,419,9,2 : 1,-93.7855705,39.06555761
18001,"Adams County, IN",26,81,"$58,112",0.27,416,7,3 : 1,-84.93658249,40.7457744
39065,"Hardin County, OH",26,221,"$89,856",1.54,416,18,1 : 1,-83.65939867,40.66129428
27135,"Roseau County, MN",26,117,"$72,448",1.28,410,10,2 : 1,-95.81112475,48.77485638
23007,"Franklin County, ME",26,60,"$48,384",0.31,398,5,1 : 1,-70.44421037,44.97424486
45029,"Colleton County, SC",26,63,"$55,168",0.26,398,5,1 : 1,-80.66691164,32.86353032
51079,"Greene County, VA",26,17,"$150,000",0.40,380,1,2 : 1,-78.46704277,38.29731238
27079,"Le Sueur County, MN",26,92,"$53,504",0.69,379,8,1 : 1,-93.72984216,44.37144158
36121,"Wyoming County, NY",26,115,"$56,192",0.48,376,10,2 : 1,-78.2237766,42.70226414
18175,"Washington County, IN",26,24,"$44,416",0.17,366,2,3 : 1,-86.10543054,38.59978187
20149,"Pottawatomie County, KS",26,60,"$41,472",0.50,359,5,2 : 1,-96.34276557,39.37903349
18181,"White County, IN",26,64,"$78,208",0.54,351,5,2 : 1,-86.8655579,40.74977914
17107,"Logan County, IL",26,262,"$120,064",0.61,349,22,1 : 1,-89.36775244,40.12467469
13207,"Monroe County, GA",26,96,"$47,744",0.46,342,8,2 : 1,-83.91905929,33.0139317
13195,"Madison County, GA",26,61,"$70,016",0.60,340,5,2 : 1,-83.20833143,34.12798628
13111,"Fannin County, GA",26,14,"$53,760",0.16,321,1,2 : 1,-84.31929617,34.86412558
55061,"Kewaunee County, WI",26,90,"$51,840",0.81,315,8,2 : 1,-87.61509441,44.51638089
31159,"Seward County, NE",26,73,"$51,328",0.44,314,6,5 : 1,-97.13966029,40.8724014
6043,"Mariposa County, CA",26,69,"$66,816",0.38,310,6,2 : 1,-119.9053183,37.58143472
26033,"Chippewa County, MI",26,92,"$68,992",0.46,307,8,1 : 1,-84.56284345,46.30032406
48003,"Andrews County, TX",26,37,"$59,904",0.32,304,3,2 : 1,-102.6376348,32.30470528
31067,"Gage County, NE",26,192,"$91,008",0.81,302,16,3 : 1,-96.68942195,40.26183622
36123,"Yates County, NY",26,29,"$40,192",0.19,292,2,1 : 1,-77.10558958,42.63362823
40049,"Garvin County, OK",26,66,"$77,056",0.45,288,6,2 : 1,-97.30937006,34.7044021
28001,"Adams County, MS",26,22,"$85,376",0.15,284,2,1 : 1,-91.35355624,31.48172857
19067,"Floyd County, IA",26,134,"$66,816",0.94,261,11,3 : 1,-92.78940097,43.0600053
28043,"Grenada County, MS",26,80,"$85,760",0.62,250,7,1 : 1,-89.80171673,33.76997916
28099,"Neshoba County, MS",26,29,"$37,248",0.28,246,2,2 : 1,-89.11732685,32.7532893
21085,"Grayson County, KY",26,3,Insf. Data,0.05,238,0,2 : 1,-86.34376166,37.46094872
19079,"Hamilton County, IA",26,31,"$53,760",0.32,237,3,1 : 1,-93.70672502,42.38395377
20099,"Labette County, KS",26,87,"$57,600",0.55,237,7,2 : 1,-95.29765463,37.19127872
13055,"Chattooga County, GA",26,20,"$40,064",0.17,228,2,2 : 1,-85.34522718,34.47504069
48161,"Freestone County, TX",26,42,"$58,112",0.72,223,4,2 : 1,-96.14897872,31.7044343
22125,"West Feliciana Parish, LA",26,84,"$82,304",1.14,204,7,3 : 1,-91.42038292,30.88038848
48425,"Somervell County, TX",26,52,"$132,864",1.21,201,4,2 : 1,-97.77458843,32.22235362
37091,"Hertford County, NC",26,51,"$89,856",0.34,190,4,1 : 1,-76.98162611,36.35892018
1111,"Randolph County, AL",26,16,"$85,760",0.26,187,1,2 : 1,-85.45918107,33.29354361
16067,"Minidoka County, ID",26,33,"$38,016",0.45,184,3,1 : 1,-113.6374976,42.85441649
18153,"Sullivan County, IN",26,20,"$107,008",0.30,184,2,2 : 1,-87.41401466,39.08909886
1091,"Marengo County, AL",26,71,"$73,984",0.56,183,6,2 : 1,-87.78920946,32.24794915
51135,"Nottoway County, VA",26,57,"$39,936",0.43,180,5,2 : 1,-78.05127364,37.14201365
29131,"Miller County, MO",26,24,"$106,240",0.30,173,2,1 : 1,-92.42809571,38.21438575
30095,"Stillwater County, MT",26,66,"$127,232",0.82,169,6,2 : 1,-109.394534,45.66951507
48475,"Ward County, TX",26,79,"$52,096",0.57,165,7,2 : 1,-103.1024815,31.50920785
51620,"Franklin City County, VA",26,40,"$68,352",0.21,165,3,2 : 1,-76.93848875,36.68306879
2050,"Bethel Census Area, AK",26,43,"$71,424",0.31,163,4,2 : 1,-159.8255997,60.91342739
21041,"Carroll County, KY",26,177,"$81,152",1.17,160,15,2 : 1,-85.12373313,38.66814643
29163,"Pike County, MO",26,55,"$91,392",0.86,159,5,1 : 1,-91.17165493,39.34397231
51640,"Galax City County, VA",26,27,"$51,712",0.16,158,2,1 : 1,-80.91646065,36.66735897
28133,"Sunflower County, MS",26,24,"$45,568",0.35,148,2,1 : 1,-90.58875506,33.60184158
12079,"Madison County, FL",26,40,"$39,552",0.39,140,3,1 : 1,-83.46989512,30.44431386
29221,"Washington County, MO",26,14,"$127,500",0.30,133,1,2 : 1,-90.8786674,37.96173417
17191,"Wayne County, IL",26,10,Insf. Data,0.32,132,1,2 : 1,-88.42586459,38.42955355
27133,"Rock County, MN",26,64,"$72,064",0.36,128,5,2 : 1,-96.25305709,43.67485346
48059,"Callahan County, TX",26,13,"$49,920",0.18,123,1,2 : 1,-99.37326312,32.29760619
12037,"Franklin County, FL",26,27,"$36,480",0.57,120,2,2 : 1,-84.82018866,29.8613762
1075,"Lamar County, AL",26,31,"$70,912",0.59,119,3,2 : 1,-88.09715315,33.77909349
19007,"Appanoose County, IA",26,13,"$74,240",0.15,119,1,1 : 1,-92.86861174,40.74323979
31023,"Butler County, NE",26,32,"$64,768",0.51,104,3,2 : 1,-97.13156172,41.22599383
48495,"Winkler County, TX",26,111,"$98,560",1.19,103,9,2 : 1,-103.048449,31.85000039
41023,"Grant County, OR",26,44,"$46,848",0.78,98,4,1 : 1,-119.0074917,44.4907455
13193,"Macon County, GA",26,25,"$102,656",0.38,91,2,2 : 1,-84.04282299,32.35871148
29089,"Howard County, MO",26,38,"$103,680",0.60,83,3,2 : 1,-92.69630819,39.1425032
27165,"Watonwan County, MN",26,15,Insf. Data,0.28,82,1,2 : 1,-94.61413846,43.97823903
20193,"Thomas County, KS",26,24,"$42,496",0.34,81,2,2 : 1,-101.0553705,39.35107575
51021,"Bland County, VA",26,36,"$72,448",0.94,75,3,2 : 1,-81.13059253,37.13389662
40107,"Okfuskee County, OK",26,7,Insf. Data,0.33,72,1,1 : 1,-96.3228392,35.46544123
40093,"Major County, OK",26,5,Insf. Data,0.32,71,0,1 : 1,-98.53456924,36.31174656
48429,"Stephens County, TX",26,6,"$92,500",0.20,66,1,1 : 1,-98.83631615,32.73553157
27117,"Pipestone County, MN",26,149,"$68,352",1.14,65,12,1 : 1,-96.258643,44.02300689
5025,"Cleveland County, AR",26,4,"$35,581",0.47,62,0,2 : 1,-92.18489948,33.89823609
13209,"Montgomery County, GA",26,2,Insf. Data,0.13,59,0,2 : 1,-82.53452747,32.17325981
17047,"Edwards County, IL",26,12,Insf. Data,0.63,58,1,2 : 1,-88.05369238,38.41619684
20069,"Gray County, KS",26,8,"$58,240",0.40,53,1,2 : 1,-100.4379698,37.73851836
31027,"Cedar County, NE",26,29,"$68,352",0.38,53,2,3 : 1,-97.25275919,42.59931244
22065,"Madison Parish, LA",26,15,"$65,920",0.49,52,1,2 : 1,-91.24181996,32.36512426
17009,"Brown County, IL",26,31,"$42,752",0.80,51,3,3 : 1,-90.75018804,39.96180493
30073,"Pondera County, MT",26,26,"$126,720",0.84,50,2,2 : 1,-112.2266404,48.22793502
20189,"Stevens County, KS",26,8,"$69,376",0.81,48,1,2 : 1,-101.3119048,37.19230822
21053,"Clinton County, KY",26,3,Insf. Data,0.10,48,0,2 : 1,-85.13646367,36.7275894
42053,"Forest County, PA",26,16,"$60,928",0.30,48,1,2 : 1,-79.23591856,41.51230258
22091,"St. Helena Parish, LA",26,12,Insf. Data,0.38,42,1,3 : 1,-90.71045886,30.82171866
31017,"Brown County, NE",26,21,"$55,808",1.13,34,2,2 : 1,-99.92949608,42.43016331
40045,"Ellis County, OK",26,4,Insf. Data,0.58,32,0,2 : 1,-99.75451143,36.21835085
17151,"Pope County, IL",26,35,Insf. Data,5.03,29,3,1 : 1,-88.56128333,37.41325351
30071,"Phillips County, MT",26,32,"$83,200",1.01,27,3,3 : 1,-107.9138518,48.25942665
31087,"Hitchcock County, NE",26,2,Insf. Data,0.31,27,0,1 : 1,-101.0419762,40.17616691
48197,"Hardeman County, TX",26,18,"$183,720",1.00,25,2,1 : 1,-99.74572968,34.29029034
20105,"Lincoln County, KS",26,2,Insf. Data,0.19,8,0,2 : 1,-98.20749,39.04547506
1999,"[Alabama, county not reported]",26,"4,395","$121,728",2.47,0,366,1 : 1,#N/A,#N/A
15999,"[Hawaii, county not reported]",26,"3,946","$121,216",1.95,0,329,1 : 1,#N/A,#N/A
25999,"[Massachusetts, county not reported]",26,"5,166","$132,864",1.68,0,431,1 : 1,#N/A,#N/A
27999,"[Minnesota, county not reported]",26,"4,092","$107,392",1.71,0,341,1 : 1,#N/A,#N/A
34999,"[New Jersey, county not reported]",26,"1,386","$125,184",2.76,0,116,1 : 1,#N/A,#N/A
35999,"[New Mexico, county not reported]",26,68,"$120,064",0.95,0,6,1 : 1,#N/A,#N/A
37999,"[North Carolina, county not reported]",26,"4,814","$120,192",2.31,0,401,1 : 1,#N/A,#N/A
44999,"[Rhode Island, county not reported]",26,"1,988","$125,184",2.19,0,166,1 : 1,#N/A,#N/A
47999,"[Tennessee, county not reported]",26,"3,533","$119,680",1.62,0,294,1 : 1,#N/A,#N/A
51600,"Fairfax City County, VA",26,"2,740","$118,528",1.76,0,228,2 : 1,-77.29836489,38.8534472
51999,"[Virginia, county not reported]",26,"4,848","$118,656",2.00,0,404,1 : 1,#N/A,#N/A
54999,"[West Virginia, county not reported]",26,212,"$72,960",0.31,0,18,1 : 1,#N/A,#N/A
36047,"Kings County, NY",25,"3,537","$92,032",0.55,"67,360",295,2 : 1,-73.93708255,40.63562226
27037,"Dakota County, MN",25,"5,160","$89,984",0.80,"50,518",430,2 : 1,-93.06556878,44.67245057
51760,"Richmond City County, VA",25,"9,123","$105,856",1.50,"35,092",760,2 : 1,-77.47493293,37.53041663
44007,"Providence County, RI",25,"11,809","$107,904",1.10,"22,941",984,2 : 1,-71.58004041,41.8721229
53053,"Pierce County, WA",25,"3,862","$94,976",0.43,"22,897",322,2 : 1,-122.1122121,47.02680625
34013,"Essex County, NJ",25,"8,988","$120,192",1.03,"22,114",749,2 : 1,-74.24718209,40.78746195
12073,"Leon County, FL",25,"8,957","$86,400",1.47,"16,056",746,2 : 1,-84.27761309,30.45806493
34039,"Union County, NJ",25,"9,553","$124,800",1.51,"15,170",796,2 : 1,-74.30721513,40.65928966
12105,"Polk County, FL",25,"3,041","$62,336",0.48,"14,909",253,2 : 1,-81.69711072,27.94872638
24021,"Frederick County, MD",25,"2,810","$90,496",0.96,"14,142",234,2 : 1,-77.3978074,39.4720692
42133,"York County, PA",25,"2,236","$89,984",0.74,"13,919",186,2 : 1,-76.72634152,39.92001283
42043,"Dauphin County, PA",25,"4,085","$97,664",1.17,"12,324",340,2 : 1,-76.77925448,40.41555232
1083,"Limestone County, AL",25,655,"$95,616",0.74,"10,562",55,2 : 1,-86.98207203,34.81013487
53035,"Kitsap County, WA",25,"1,237","$98,048",0.56,"9,480",103,2 : 1,-122.6734022,47.61342417
36085,"Richmond County, NY",25,312,"$72,576",0.30,"9,148",26,2 : 1,-74.15390987,40.58183643
51540,"Charlottesville City County, VA",25,"1,541","$91,392",0.90,"8,554",128,2 : 1,-78.48233004,38.03742163
37179,"Union County, NC",25,616,"$73,088",0.37,"8,136",51,2 : 1,-80.53061478,34.98836835
1101,"Montgomery County, AL",25,"5,590","$93,056",1.13,"8,088",466,2 : 1,-86.20787706,32.22089414
51041,"Chesterfield County, VA",25,"5,914","$101,248",1.08,"8,031",493,2 : 1,-77.58654268,37.37880418
17143,"Peoria County, IL",25,"5,019","$85,888",1.27,"8,017",418,2 : 1,-89.75986508,40.78797055
36087,"Rockland County, NY",25,"1,279","$94,976",0.70,"7,020",107,2 : 1,-74.02389861,41.15225744
27139,"Scott County, MN",25,825,"$74,496",0.57,"6,186",69,2 : 1,-93.53696693,44.64850008
22019,"Calcasieu Parish, LA",25,"1,460","$84,864",0.76,"5,150",122,2 : 1,-93.35798129,30.22942198
55059,"Kenosha County, WI",25,"1,753","$89,984",0.91,"5,021",146,3 : 1,-88.04209555,42.57659172
54039,"Kanawha County, WV",25,"2,009","$80,256",1.09,"4,913",167,2 : 1,-81.52827161,38.33643035
27019,"Carver County, MN",25,"1,032","$68,864",0.86,"4,818",86,2 : 1,-93.8027205,44.82089558
42007,"Beaver County, PA",25,707,"$65,408",0.56,"4,103",59,2 : 1,-80.34928676,40.68241496
42075,"Lebanon County, PA",25,303,"$75,008",0.42,"4,057",25,1 : 1,-76.45759104,40.36716938
42089,"Monroe County, PA",25,585,"$80,768",0.49,"3,972",49,2 : 1,-75.33930212,41.05812363
45003,"Aiken County, SC",25,"2,005","$80,256",1.05,"3,715",167,2 : 1,-81.63493042,33.544095
4025,"Yavapai County, AZ",25,539,"$77,184",0.31,"3,699",45,2 : 1,-112.5538467,34.59969928
48071,"Chambers County, TX",25,256,"$97,152",0.72,"3,543",21,2 : 1,-94.60850621,29.73846857
5045,"Faulkner County, AR",25,581,"$64,896",0.52,"3,430",48,2 : 1,-92.33201857,35.14732521
51085,"Hanover County, VA",25,"1,144","$81,280",0.60,"3,412",95,2 : 1,-77.49131526,37.76033617
29051,"Cole County, MO",25,"2,609","$91,008",1.40,"3,381",217,2 : 1,-92.28161601,38.50579587
40119,"Payne County, OK",25,368,"$52,096",0.56,"3,110",31,2 : 1,-96.97542338,36.07716359
27103,"Nicollet County, MN",25,125,"$78,080",0.57,"2,809",10,2 : 1,-94.24751207,44.34987456
29037,"Cass County, MO",25,314,"$64,640",0.27,"2,749",26,2 : 1,-94.35504883,38.64793026
13045,"Carroll County, GA",25,765,"$72,576",0.75,"2,568",64,2 : 1,-85.07980892,33.58246933
48485,"Wichita County, TX",25,836,"$83,328",0.50,"2,529",70,2 : 1,-98.7035838,33.98806865
18095,"Madison County, IN",25,222,"$58,240",0.24,"2,444",19,2 : 1,-85.71947571,40.16126825
55127,"Walworth County, WI",25,591,"$64,896",0.46,"2,397",49,2 : 1,-88.54158045,42.66848551
37151,"Randolph County, NC",25,655,"$81,280",0.73,"2,367",55,3 : 1,-79.8058818,35.71023333
45079,"Richland County, SC",25,"8,269","$80,256",1.04,"2,325",689,2 : 1,-80.90384361,34.02226754
36101,"Steuben County, NY",25,371,"$99,584",0.92,"2,321",31,2 : 1,-77.3834881,42.26788874
26017,"Bay County, MI",25,385,"$75,136",0.68,"2,226",32,1 : 1,-83.99005144,43.70716549
36013,"Chautauqua County, NY",25,267,"$73,600",0.39,"2,066",22,2 : 1,-79.36664149,42.22817594
4015,"Mohave County, AZ",25,345,"$60,032",0.28,"2,057",29,2 : 1,-113.7581706,35.70456821
36011,"Cayuga County, NY",25,325,"$75,136",0.47,"1,935",27,2 : 1,-76.55468471,42.91811235
19193,"Woodbury County, IA",25,693,"$75,136",0.48,"1,855",58,2 : 1,-96.04432637,42.38966116
6101,"Sutter County, CA",25,263,"$79,104",0.38,"1,646",22,2 : 1,-121.6946189,39.03464654
13031,"Bulloch County, GA",25,278,"$58,752",0.35,"1,612",23,2 : 1,-81.74304725,32.39689006
47147,"Robertson County, TN",25,200,"$53,376",0.30,"1,487",17,4 : 1,-86.87047841,36.52536378
21185,"Oldham County, KY",25,139,"$44,288",0.39,"1,485",12,3 : 1,-85.44866529,38.39974783
18109,"Morgan County, IN",25,156,"$62,208",0.31,"1,404",13,3 : 1,-86.44647098,39.48166964
21209,"Scott County, KY",25,643,"$80,256",0.80,"1,374",54,2 : 1,-84.58344665,38.29156708
5085,"Lonoke County, AR",25,123,"$64,768",0.37,"1,361",10,2 : 1,-91.88791683,34.75441172
48221,"Hood County, TX",25,54,"$60,032",0.16,"1,334",5,2 : 1,-97.83219383,32.43002712
13103,"Effingham County, GA",25,131,"$43,648",0.30,"1,309",11,2 : 1,-81.34134143,32.3672031
34033,"Salem County, NJ",25,233,"$105,728",0.64,"1,305",19,3 : 1,-75.34910669,39.58787069
47155,"Sevier County, TN",25,214,"$47,488",0.14,"1,273",18,2 : 1,-83.52376973,35.78475751
41033,"Josephine County, OR",25,104,"$72,960",0.24,"1,250",9,1 : 1,-123.5552595,42.36551155
5069,"Jefferson County, AR",25,259,"$82,688",0.47,"1,246",22,2 : 1,-91.93189159,34.26882203
39083,"Knox County, OH",25,124,"$63,872",0.33,"1,242",10,2 : 1,-82.42287375,40.39902351
6069,"San Benito County, CA",25,194,"$100,096",0.58,"1,217",16,2 : 1,-121.0752215,36.60559815
38101,"Ward County, ND",25,367,"$73,600",0.60,"1,215",31,2 : 1,-101.541865,48.22179884
48471,"Walker County, TX",25,387,"$62,336",0.64,"1,215",32,2 : 1,-95.57247928,30.73883544
41035,"Klamath County, OR",25,201,"$82,688",0.41,"1,132",17,2 : 1,-121.6500072,42.68605026
36037,"Genesee County, NY",25,323,"$59,136",0.45,"1,126",27,2 : 1,-78.19407819,43.00056703
27049,"Goodhue County, MN",25,316,"$66,816",0.45,"1,122",26,3 : 1,-92.72266089,44.40972913
36009,"Cattaraugus County, NY",25,167,"$64,384",0.49,"1,071",14,2 : 1,-78.67903202,42.24856064
18029,"Dearborn County, IN",25,135,"$92,544",0.35,"1,057",11,2 : 1,-84.97334479,39.14487647
48199,"Hardin County, TX",25,79,"$54,400",0.36,"1,043",7,2 : 1,-94.3902703,30.33224472
53045,"Mason County, WA",25,126,"$91,392",0.40,"1,040",11,2 : 1,-123.1920342,47.34793175
53041,"Lewis County, WA",25,132,"$78,080",0.26,"1,012",11,2 : 1,-122.3933441,46.57770709
42103,"Pike County, PA",25,57,"$46,080",0.34,"1,011",5,1 : 1,-75.03337176,41.33189163
15007,"Kauai County, HI",25,328,"$76,032",0.33,997,27,2 : 1,-159.5957496,22.03978487
36077,"Otsego County, NY",25,208,"$78,080",0.38,946,17,1 : 1,-75.03243898,42.63374775
39091,"Logan County, OH",25,328,"$95,104",0.96,938,27,2 : 1,-83.76526991,40.3883971
42005,"Armstrong County, PA",25,156,"$48,512",0.60,935,13,2 : 1,-79.46505466,40.81298372
35025,"Lea County, NM",25,257,"$112,000",0.56,931,21,2 : 1,-103.4124539,32.79215735
47043,"Dickson County, TN",25,122,"$48,000",0.23,913,10,3 : 1,-87.35658415,36.14932156
21019,"Boyd County, KY",25,162,"$61,184",0.52,842,14,2 : 1,-82.68775539,38.35908957
30081,"Ravalli County, MT",25,116,"$43,264",0.72,835,10,2 : 1,-114.120145,46.08166896
21179,"Nelson County, KY",25,113,"$56,448",0.31,827,9,2 : 1,-85.46601953,37.80489242
17073,"Henry County, IL",25,150,"$45,696",0.48,817,13,2 : 1,-90.13161776,41.35314875
31079,"Hall County, NE",25,361,"$76,160",0.53,790,30,2 : 1,-98.50212614,40.87261328
13219,"Oconee County, GA",25,113,"$43,648",0.39,767,9,2 : 1,-83.43706988,33.83506881
18113,"Noble County, IN",25,224,"$80,128",0.46,748,19,3 : 1,-85.41741162,41.39835527
17027,"Clinton County, IL",25,71,"$115,584",0.36,721,6,2 : 1,-89.4229686,38.60632268
36115,"Washington County, NY",25,117,"$85,248",0.44,721,10,2 : 1,-73.430748,43.31320642
4001,"Apache County, AZ",25,235,"$73,472",0.95,715,20,2 : 1,-109.488754,35.39559896
18061,"Harrison County, IN",25,60,"$37,376",0.21,714,5,3 : 1,-86.11124563,38.19522174
41027,"Hood River County, OR",25,136,"$55,552",0.55,694,11,2 : 1,-121.6512892,45.51931999
13275,"Thomas County, GA",25,198,"$85,376",0.39,688,17,2 : 1,-83.91853341,30.86359281
42093,"Montour County, PA",25,114,"$131,584",0.38,675,10,4 : 1,-76.65904667,41.02752391
21101,"Henderson County, KY",25,199,"$68,992",0.35,674,17,2 : 1,-87.57345471,37.79602818
22001,"Acadia Parish, LA",25,62,"$59,904",0.24,670,5,3 : 1,-92.41163568,30.29064732
47003,"Bedford County, TN",25,111,"$42,624",0.36,664,9,2 : 1,-86.4596155,35.51388628
19045,"Clinton County, IA",25,191,"$44,928",0.34,661,16,2 : 1,-90.53221937,41.89809865
45043,"Georgetown County, SC",25,88,"$60,416",0.39,639,7,1 : 1,-79.33242281,33.43337482
26165,"Wexford County, MI",25,98,"$60,032",0.52,634,8,2 : 1,-85.5781774,44.33841768
47051,"Franklin County, TN",25,62,"$62,208",0.21,629,5,2 : 1,-86.09233522,35.15504791
41007,"Clatsop County, OR",25,91,"$82,176",0.26,603,8,1 : 1,-123.6560294,45.99500314
46065,"Hughes County, SD",25,"4,002","$116,480",3.66,602,334,1 : 1,-99.99599706,44.38906584
27017,"Carlton County, MN",25,37,"$60,160",0.28,589,3,1 : 1,-92.67716012,46.592321
39033,"Crawford County, OH",25,48,"$75,008",0.31,583,4,4 : 1,-82.91997484,40.85061678
55121,"Trempealeau County, WI",25,35,"$64,768",0.34,572,3,3 : 1,-91.35874906,44.30390193
19017,"Bremer County, IA",25,65,"$81,664",0.45,563,5,2 : 1,-92.31795937,42.77461496
31119,"Madison County, NE",25,192,"$73,088",0.48,547,16,2 : 1,-97.60078361,41.9166434
48147,"Fannin County, TX",25,161,"$92,416",0.62,514,13,1 : 1,-96.10669521,33.59387579
22119,"Webster Parish, LA",25,108,"$56,064",0.39,496,9,2 : 1,-93.33431354,32.71375647
51075,"Goochland County, VA",25,98,"$92,544",0.52,480,8,1 : 1,-77.91594304,37.72200089
13177,"Lee County, GA",25,12,"$58,240",0.25,478,1,2 : 1,-84.14092773,31.77942972
19015,"Boone County, IA",25,136,"$55,936",0.60,465,11,2 : 1,-93.93139995,42.0366177
51009,"Amherst County, VA",25,20,"$70,912",0.20,451,2,2 : 1,-79.14517223,37.60543548
40111,"Okmulgee County, OK",25,63,"$75,520",0.33,440,5,2 : 1,-95.96434123,35.64662667
22053,"Jefferson Davis Parish, LA",25,39,"$57,728",0.22,415,3,2 : 1,-92.8140461,30.26796744
37003,"Alexander County, NC",25,27,"$53,248",0.30,400,2,2 : 1,-81.17692946,35.92074753
21167,"Mercer County, KY",25,120,"$62,592",0.80,394,10,2 : 1,-84.87436107,37.81116654
37039,"Cherokee County, NC",25,33,"$89,856",0.33,388,3,1 : 1,-84.06424533,35.13376757
47079,"Henry County, TN",25,22,"$89,600",0.30,384,2,2 : 1,-88.30116646,36.33178059
17085,"Jo Daviess County, IL",25,43,"$57,728",0.50,370,4,2 : 1,-90.21246462,42.36542788
48185,"Grimes County, TX",25,131,"$64,896",0.62,369,11,2 : 1,-95.98558082,30.5437066
18079,"Jennings County, IN",25,61,"$80,128",0.53,359,5,2 : 1,-85.62737915,38.99757081
19105,"Jones County, IA",25,59,"$70,016",0.39,344,5,1 : 1,-91.13139641,42.12118609
48285,"Lavaca County, TX",25,49,"$82,688",0.55,318,4,2 : 1,-96.93033343,29.38395052
13305,"Wayne County, GA",25,24,"$90,813",0.34,281,2,2 : 1,-81.91710568,31.55172562
5019,"Clark County, AR",25,120,"$44,416",0.84,255,10,2 : 1,-93.17667235,34.05108285
21177,"Muhlenberg County, KY",25,36,"$64,640",0.36,248,3,2 : 1,-87.1426872,37.21592449
13087,"Decatur County, GA",25,62,"$49,280",0.34,232,5,2 : 1,-84.5795682,30.87807864
18123,"Perry County, IN",25,52,"$145,600",0.53,228,4,2 : 1,-86.6380062,38.07971276
13237,"Putnam County, GA",25,20,"$72,960",0.15,226,2,2 : 1,-83.37315585,33.32175332
21161,"Mason County, KY",25,37,"$32,896",0.33,226,3,1 : 1,-83.82396293,38.59510651
56035,"Sublette County, WY",25,49,"$49,920",0.74,215,4,2 : 1,-109.9148412,42.76688453
29195,"Saline County, MO",25,65,"$91,520",0.32,209,5,3 : 1,-93.20185128,39.13696633
28131,"Stone County, MS",25,43,"$72,960",0.71,198,4,1 : 1,-89.11764244,30.7900413
19021,"Buena Vista County, IA",25,55,"$48,384",0.39,191,5,2 : 1,-95.15100162,42.73545875
28163,"Yazoo County, MS",25,56,"$79,744",0.49,182,5,2 : 1,-90.39655652,32.78007214
51103,"Lancaster County, VA",25,71,"$99,072",0.38,175,6,1 : 1,-76.46151665,37.73239182
48255,"Karnes County, TX",25,75,"$39,424",0.86,168,6,2 : 1,-97.85944813,28.90564205
18121,"Parke County, IN",25,61,"$40,064",0.60,166,5,1 : 1,-87.20678147,39.77360728
8065,"Lake County, CO",25,69,"$86,272",1.06,164,6,3 : 1,-106.344854,39.20226223
30041,"Hill County, MT",25,31,"$70,912",0.21,162,3,2 : 1,-110.1111845,48.62840165
29069,"Dunklin County, MO",25,8,"$67,500",0.10,161,1,1 : 1,-90.09071406,36.2722822
16059,"Lemhi County, ID",25,17,"$34,304",0.52,159,1,1 : 1,-113.9335998,44.9436279
47061,"Grundy County, TN",25,15,"$37,760",0.21,156,1,1 : 1,-85.72237029,35.3884299
19029,"Cass County, IA",25,54,"$64,768",0.31,151,5,1 : 1,-94.92806328,41.33152905
13183,"Long County, GA",25,3,Insf. Data,0.19,131,0,4 : 1,-81.7454462,31.75246506
27151,"Swift County, MN",25,70,"$77,056",1.04,130,6,2 : 1,-95.68142474,45.28288933
19073,"Greene County, IA",25,54,"$78,720",0.65,129,5,2 : 1,-94.39658081,42.03614551
38097,"Traill County, ND",25,37,"$53,120",0.36,123,3,2 : 1,-97.16169937,47.45400419
2070,"Dillingham Census Area, AK",25,16,"$72,448",0.45,117,1,1 : 1,-158.2141634,59.79832305
2180,"Nome Census Area, AK",25,32,"$101,632",0.29,109,3,1 : 1,-164.0315808,64.91040617
29143,"New Madrid County, MO",25,45,"$70,912",0.81,107,4,2 : 1,-89.65190483,36.59439853
48193,"Hamilton County, TX",25,34,"$40,448",0.70,97,3,2 : 1,-98.11083887,31.70470573
40149,"Washita County, OK",25,2,Insf. Data,0.11,96,0,1 : 1,-98.99166621,35.29031759
32015,"Lander County, NV",25,35,"$64,512",1.12,95,3,2 : 1,-117.0390723,39.93361994
51595,"Emporia City County, VA",25,23,"$84,224",0.37,92,2,2 : 1,-77.53622483,36.69543863
21233,"Webster County, KY",25,29,"$42,752",0.52,90,2,2 : 1,-87.68319621,37.51850288
19001,"Adair County, IA",25,18,"$38,917",0.51,89,2,1 : 1,-94.47105874,41.33075609
30085,"Roosevelt County, MT",25,21,"$86,272",0.40,85,2,2 : 1,-105.0162772,48.29447097
20197,"Wabaunsee County, KS",25,6,"$52,000",0.20,79,1,2 : 1,-96.20480435,38.95324678
31021,"Burt County, NE",25,17,"$62,208",0.72,77,1,1 : 1,-96.32857388,41.85154682
21165,"Menifee County, KY",25,5,"$54,784",0.21,48,0,2 : 1,-83.59900123,37.94154655
17059,"Gallatin County, IL",25,10,"$46,080",0.59,46,1,2 : 1,-88.23082016,37.76253711
21181,"Nicholas County, KY",25,8,"$34,688",0.36,42,1,1 : 1,-84.01542795,38.33536589
48075,"Childress County, TX",25,19,"$60,160",0.54,42,2,1 : 1,-100.2077744,34.52929885
48105,"Crockett County, TX",25,8,"$59,280",0.86,41,1,2 : 1,-101.4121116,30.72293884
2013,"Aleutians East Borough, AK",25,14,"$88,832",1.19,40,1,1 : 1,-161.9642606,55.36032516
49055,"Wayne County, UT",25,6,"$58,368",1.21,39,1,1 : 1,-110.9033351,38.32442333
5073,"Lafayette County, AR",25,14,Insf. Data,0.79,37,1,1 : 1,-93.60684679,33.24091819
46061,"Hanson County, SD",25,23,"$68,380",0.96,31,2,3 : 1,-97.78704306,43.67458361
29199,"Scotland County, MO",25,13,"$41,472",0.73,27,1,2 : 1,-92.1472444,40.45201091
30025,"Fallon County, MT",25,10,Insf. Data,0.72,26,1,1 : 1,-104.417515,46.3343054
38001,"Adams County, ND",25,11,"$73,984",0.30,25,1,2 : 1,-102.5285391,46.09690164
2060,"Bristol Bay Borough, AK",25,15,"$81,152",1.24,21,1,1 : 1,-156.7026695,58.74220214
38041,"Hettinger County, ND",25,5,"$48,640",0.44,15,0,2 : 1,-102.4607133,46.43276791
13271,"Telfair County, GA",25,52,"$102,656",0.77,12,4,1 : 1,-82.93880265,31.92997221
20199,"Wallace County, KS",25,3,"$90,000",0.31,11,0,1 : 1,-101.7637347,38.91690628
38999,"[North Dakota, county not reported]",25,109,"$75,008",1.10,0,9,1 : 1,#N/A,#N/A
34021,"Mercer County, NJ",24,"14,372","$124,800",2.18,"20,145","1,198",2 : 1,-74.70164497,40.28339139
48167,"Galveston County, TX",24,"2,252","$89,472",0.74,"12,019",188,2 : 1,-94.95985195,29.3895025
26037,"Clinton County, MI",24,"2,063","$119,680",1.77,"11,438",172,2 : 1,-84.60138451,42.9439517
26065,"Ingham County, MI",24,"11,762","$118,144",1.90,"9,176",980,2 : 1,-84.37346607,42.59737278
42129,"Westmoreland County, PA",24,"2,166","$72,576",0.70,"8,769",181,2 : 1,-79.46732917,40.31090839
28049,"Hinds County, MS",24,"6,569","$82,304",1.46,"7,788",547,2 : 1,-90.44251629,32.26628404
9180,"Southeastern Connecticut Planning Region, CT",24,"1,953","$76,032",0.79,"7,259",163,2 : 1,#N/A,#N/A
24017,"Charles County, MD",24,"1,348","$101,760",0.93,"7,121",112,2 : 1,-76.9921999,38.50706766
24013,"Carroll County, MD",24,430,"$87,296",0.37,"6,120",36,3 : 1,-77.02256972,39.56320174
4005,"Coconino County, AZ",24,973,"$64,384",0.60,"5,481",81,2 : 1,-111.7705493,35.83875351
42069,"Lackawanna County, PA",24,704,"$78,208",0.46,"5,253",59,2 : 1,-75.60919397,41.43666224
6007,"Butte County, CA",24,564,"$84,736",0.50,"5,111",47,2 : 1,-121.6008508,39.66681952
35049,"Santa Fe County, NM",24,"2,309","$91,520",1.00,"5,089",192,1 : 1,-105.9759986,35.50670942
54061,"Monongalia County, WV",24,"1,070","$88,448",0.94,"4,856",89,2 : 1,-80.04558938,39.63024065
48139,"Ellis County, TX",24,635,"$74,112",0.51,"4,093",53,2 : 1,-96.79470819,32.34880007
12053,"Hernando County, FL",24,273,"$47,488",0.21,"3,441",23,2 : 1,-82.42535431,28.55404893
13297,"Walton County, GA",24,343,"$50,048",0.42,"3,018",29,2 : 1,-83.73367264,33.78121226
4027,"Yuma County, AZ",24,385,"$74,624",0.47,"2,905",32,2 : 1,-113.9058099,32.76933672
51061,"Fauquier County, VA",24,563,"$113,536",1.14,"2,692",47,2 : 1,-77.80950815,38.7387071
18167,"Vigo County, IN",24,404,"$80,256",0.34,"2,588",34,2 : 1,-87.38969715,39.43073114
22079,"Rapides Parish, LA",24,529,"$66,944",0.40,"2,365",44,2 : 1,-92.53365886,31.19810087
5031,"Craighead County, AR",24,432,"$60,288",0.55,"2,204",36,2 : 1,-90.63270647,35.8310138
26061,"Houghton County, MI",24,258,"$80,128",0.92,"2,044",22,2 : 1,-88.68742993,46.89801075
26045,"Eaton County, MI",24,"4,271","$119,680",1.94,"1,918",356,2 : 1,-84.83740035,42.59599185
32510,"Carson City County, NV",24,"2,361","$96,512",1.53,"1,858",197,2 : 1,-119.7473502,39.15108405
49045,"Tooele County, UT",24,209,"$53,120",0.55,"1,836",17,2 : 1,-113.1311648,40.44875267
40147,"Washington County, OK",24,394,"$77,696",0.76,"1,816",33,2 : 1,-95.90449238,36.71527849
54037,"Jefferson County, WV",24,309,"$86,272",0.94,"1,677",26,2 : 1,-77.86242458,39.30849565
1077,"Lauderdale County, AL",24,195,"$83,712",0.35,"1,635",16,3 : 1,-87.65411658,34.9015002
1033,"Colbert County, AL",24,287,"$90,496",0.68,"1,265",24,2 : 1,-87.80463371,34.70085284
27085,"McLeod County, MN",24,97,"$64,768",0.39,"1,175",8,2 : 1,-94.27237288,44.82372142
41059,"Umatilla County, OR",24,380,"$63,744",0.70,"1,172",32,2 : 1,-118.736681,45.59148273
27147,"Steele County, MN",24,502,"$62,592",0.77,"1,037",42,2 : 1,-93.22627088,44.02240351
17133,"Monroe County, IL",24,453,"$125,696",1.49,973,38,2 : 1,-90.17743157,38.27853951
13047,"Catoosa County, GA",24,140,"$96,640",0.29,960,12,2 : 1,-85.13865749,34.90377849
55095,"Polk County, WI",24,97,"$62,336",0.47,914,8,2 : 1,-92.44123483,45.4615393
37059,"Davie County, NC",24,152,"$56,064",0.37,869,13,4 : 1,-80.54428142,35.92957297
28087,"Lowndes County, MS",24,315,"$82,304",1.01,863,26,2 : 1,-88.4432447,33.47293459
22115,"Vernon Parish, LA",24,175,"$72,448",0.75,816,15,2 : 1,-93.18373375,31.10800615
26157,"Tuscola County, MI",24,57,"$75,136",0.42,753,5,2 : 1,-83.41747147,43.46515989
54069,"Ohio County, WV",24,303,"$54,912",0.44,751,25,2 : 1,-80.61888538,40.09682683
35009,"Curry County, NM",24,178,"$70,016",0.56,747,15,2 : 1,-103.3468992,34.57414777
8085,"Montrose County, CO",24,109,"$42,496",0.33,746,9,2 : 1,-108.2688129,38.4024194
26127,"Oceana County, MI",24,145,"$54,912",0.37,738,12,2 : 1,-86.26734566,43.64097781
40013,"Bryan County, OK",24,143,"$71,424",0.39,710,12,1 : 1,-96.26246372,33.96278604
53031,"Jefferson County, WA",24,161,"$98,560",0.59,710,13,2 : 1,-123.5935915,47.7490129
27061,"Itasca County, MN",24,79,"$58,368",0.50,698,7,1 : 1,-93.63162349,47.50907819
17195,"Whiteside County, IL",24,182,"$43,648",0.33,679,15,7 : 1,-89.91362191,41.75598396
21009,"Barren County, KY",24,163,"$28,246",0.76,651,14,2 : 1,-85.93377067,36.96546022
17095,"Knox County, IL",24,101,"$43,264",0.23,641,8,2 : 1,-90.2133034,40.93148779
37111,"McDowell County, NC",24,354,"$61,312",1.01,600,30,3 : 1,-82.04845774,35.68110614
27083,"Lyon County, MN",24,68,"$74,496",0.35,582,6,2 : 1,-95.83918761,44.41338502
26023,"Branch County, MI",24,128,"$75,136",0.56,555,11,1 : 1,-85.05923475,41.91588904
37181,"Vance County, NC",24,117,"$56,448",0.27,548,10,2 : 1,-78.40836693,36.36465914
40021,"Cherokee County, OK",24,127,"$62,336",0.28,530,11,2 : 1,-94.99948708,35.90664273
50017,"Orange County, VT",24,100,"$77,696",0.70,502,8,2 : 1,-72.37674987,44.00552167
36025,"Delaware County, NY",24,151,"$85,376",0.73,497,13,1 : 1,-74.96687059,42.19791446
48057,"Calhoun County, TX",24,153,"$78,000",1.35,480,13,1 : 1,-96.60474134,28.50349599
40121,"Pittsburg County, OK",24,37,"$30,720",0.20,454,3,2 : 1,-95.74895216,34.92386502
46081,"Lawrence County, SD",24,79,"$71,552",0.35,448,7,1 : 1,-103.7921498,44.35866653
51690,"Martinsville City County, VA",24,79,"$44,928",0.18,437,7,2 : 1,-79.86345947,36.68207476
51089,"Henry County, VA",24,46,"$44,928",0.32,424,4,1 : 1,-79.87418576,36.68267428
6027,"Inyo County, CA",24,103,"$73,984",0.63,400,9,2 : 1,-117.4113187,36.51173415
17121,"Marion County, IL",24,97,"$76,032",0.40,382,8,2 : 1,-88.91900564,38.64962591
30067,"Park County, MT",24,39,"$55,296",0.36,376,3,2 : 1,-110.5249953,45.48913245
8083,"Montezuma County, CO",24,46,"$55,936",0.35,376,4,1 : 1,-108.5964924,37.33893986
1053,"Escambia County, AL",24,92,"$69,504",0.36,375,8,2 : 1,-87.16176056,31.12613571
51161,"Roanoke County, VA",24,522,"$73,088",0.63,365,44,2 : 1,-80.067514,37.26938285
28039,"George County, MS",24,16,Insf. Data,0.18,334,1,2 : 1,-88.64422567,30.86260363
21163,"Meade County, KY",24,84,"$85,376",0.82,300,7,3 : 1,-86.21698223,37.96966338
19019,"Buchanan County, IA",24,104,"$78,080",0.72,295,9,2 : 1,-91.83745828,42.47108244
19129,"Mills County, IA",24,31,"$65,280",0.23,281,3,1 : 1,-95.62136125,41.03348848
20087,"Jefferson County, KS",24,17,"$45,568",0.16,281,1,3 : 1,-95.38360115,39.23530705
13119,"Franklin County, GA",24,52,"$50,048",0.26,279,4,2 : 1,-83.2291908,34.37559112
40009,"Beckham County, OK",24,22,"$35,456",0.24,262,2,1 : 1,-99.68042577,35.26792649
1079,"Lawrence County, AL",24,154,"$69,888",0.93,261,13,3 : 1,-87.31085381,34.52223687
22031,"De Soto Parish, LA",24,77,"$61,056",0.56,261,6,2 : 1,-93.73783029,32.05510725
47081,"Hickman County, TN",24,31,"$58,368",0.37,261,3,2 : 1,-87.47317001,35.80374486
37115,"Madison County, NC",24,29,"$62,336",0.40,257,2,1 : 1,-82.70612535,35.85793329
48031,"Blanco County, TX",24,53,"$95,488",0.58,257,4,2 : 1,-98.3999852,30.26640707
47153,"Sequatchie County, TN",24,12,Insf. Data,0.13,247,1,1 : 1,-85.4102441,35.37103725
1005,"Barbour County, AL",24,61,"$51,072",0.35,238,5,2 : 1,-85.39106787,31.87009042
5053,"Grant County, AR",24,104,"$45,568",1.09,238,9,2 : 1,-92.42371463,34.29002049
21155,"Marion County, KY",24,44,"$44,160",0.38,220,4,2 : 1,-85.26954479,37.55262162
13133,"Greene County, GA",24,54,"$35,456",0.23,211,5,2 : 1,-83.16678441,33.57887215
27143,"Sibley County, MN",24,37,"$44,672",0.40,206,3,2 : 1,-94.23165958,44.5793954
47057,"Grainger County, TN",24,20,"$57,600",0.33,197,2,1 : 1,-83.51084097,36.2754882
46005,"Beadle County, SD",24,116,"$66,304",0.75,194,10,2 : 1,-98.27883711,44.41467039
40103,"Noble County, OK",24,64,"$79,616",1.24,193,5,4 : 1,-97.23050054,36.3884853
48371,"Pecos County, TX",24,23,"$75,000",0.34,188,2,1 : 1,-102.7234229,30.78076842
37173,"Swain County, NC",24,60,"$49,024",0.34,179,5,2 : 1,-83.4921876,35.48677176
13199,"Meriwether County, GA",24,72,"$101,248",0.44,178,6,2 : 1,-84.68849214,33.04118311
30009,"Carbon County, MT",24,6,Insf. Data,0.14,169,1,1 : 1,-109.0283184,45.22736746
47015,"Cannon County, TN",24,10,"$37,800",0.18,167,1,1 : 1,-86.06179619,35.80842943
29115,"Linn County, MO",24,22,"$71,040",0.41,160,2,1 : 1,-93.10705251,39.870461
5087,"Madison County, AR",24,47,"$35,840",0.63,158,4,2 : 1,-93.72465597,36.01103565
51181,"Surry County, VA",24,186,"$112,384",2.05,129,16,2 : 1,-76.90027517,37.10963661
30023,"Deer Lodge County, MT",24,18,"$72,960",0.35,126,2,1 : 1,-113.0672423,46.06059035
8091,"Ouray County, CO",24,5,Insf. Data,0.55,125,0,1 : 1,-107.7693048,38.15498465
17035,"Cumberland County, IL",24,84,"$71,424",0.36,124,7,3 : 1,-88.24032182,39.27402319
38099,"Walsh County, ND",24,36,"$72,448",0.61,101,3,2 : 1,-97.72134503,48.36930301
19025,"Calhoun County, IA",24,11,"$80,839",0.26,100,1,2 : 1,-94.64046046,42.38521079
31045,"Dawes County, NE",24,27,"$51,456",0.50,96,2,2 : 1,-103.1354423,42.72007965
55041,"Forest County, WI",24,3,Insf. Data,0.25,88,0,1 : 1,-88.7705944,45.66756253
18155,"Switzerland County, IN",24,13,"$41,216",0.21,86,1,2 : 1,-85.03658909,38.82631081
20205,"Wilson County, KS",24,6,"$49,500",0.22,85,1,1 : 1,-95.74323255,37.55937174
21143,"Lyon County, KY",24,8,"$104,448",0.34,85,1,2 : 1,-88.0827506,37.01910678
13221,"Oglethorpe County, GA",24,25,"$69,888",0.61,84,2,2 : 1,-83.08144741,33.88064398
48313,"Madison County, TX",24,42,"$134,808",0.52,84,4,1 : 1,-95.92738963,30.96540306
28063,"Jefferson County, MS",24,38,"$33,911",0.85,78,3,2 : 1,-91.03631739,31.73403632
21149,"McLean County, KY",24,11,"$55,808",0.31,75,1,3 : 1,-87.26331417,37.52904105
19151,"Pocahontas County, IA",24,6,"$75,008",0.20,64,1,2 : 1,-94.67862564,42.73420133
20147,"Phillips County, KS",24,11,"$60,000",0.72,52,1,2 : 1,-99.34669372,39.78462799
46023,"Charles Mix County, SD",24,11,"$50,500",0.34,51,1,1 : 1,-98.58785039,43.20792726
20165,"Rush County, KS",24,7,Insf. Data,0.53,40,1,1 : 1,-99.30863983,38.52275276
31105,"Kimball County, NE",24,35,"$51,968",0.99,37,3,3 : 1,-103.7149939,41.19760039
38005,"Benson County, ND",24,5,"$75,500",0.40,35,0,1 : 1,-99.36573478,48.06933808
12043,"Glades County, FL",24,12,"$47,872",0.25,32,1,1 : 1,-81.1889838,26.95642237
29045,"Clark County, MO",24,7,"$33,500",0.50,32,1,2 : 1,-91.73823977,40.41027674
46097,"Miner County, SD",24,3,"$77,500",0.15,27,0,1 : 1,-97.60992207,44.02197882
48125,"Dickens County, TX",24,22,Insf. Data,2.32,18,2,2 : 1,-100.7788855,33.61616822
31149,"Rock County, NE",24,3,"$61,682",0.99,6,0,1 : 1,-99.44982378,42.42142393
2198,"Prince of Wales-Hyder Census Area, AK",24,28,"$61,696",0.83,0,2,2 : 1,-133.0585096,55.81638031
10999,"[Delaware, county not reported]",24,123,"$68,352",1.20,0,10,1 : 1,#N/A,#N/A
36999,"[New York, county not reported]",24,742,"$73,472",1.60,0,62,1 : 1,#N/A,#N/A
51610,"Falls Church City County, VA",24,750,"$125,312",1.51,0,63,2 : 1,-77.17519332,38.88441803
51683,"Manassas City County, VA",24,"1,018","$109,312",1.43,0,85,2 : 1,-77.48515474,38.7478445
17119,"Madison County, IL",23,"2,696","$115,072",0.87,"7,545",225,2 : 1,-89.90510951,38.83016798
51770,"Roanoke City County, VA",23,982,"$77,184",0.66,"6,168",82,2 : 1,-79.95759159,37.27905915
17163,"St. Clair County, IL",23,"2,449","$106,368",0.98,"5,794",204,2 : 1,-89.92848248,38.4703223
42125,"Washington County, PA",23,"2,794","$81,792",1.08,"5,477",233,2 : 1,-80.24855447,40.18935898
8077,"Mesa County, CO",23,403,"$76,672",0.38,"4,188",34,2 : 1,-108.4664844,39.01825229
51680,"Lynchburg City County, VA",23,898,"$83,328",0.90,"4,113",75,2 : 1,-79.19044951,37.40023149
24043,"Washington County, MD",23,"1,164","$75,648",0.67,"3,747",97,2 : 1,-77.81329014,39.60413752
48251,"Johnson County, TX",23,467,"$73,088",0.36,"3,674",39,3 : 1,-97.36618817,32.3788142
21037,"Campbell County, KY",23,416,"$69,504",0.42,"2,602",35,2 : 1,-84.3791722,38.94658952
37065,"Edgecombe County, NC",23,168,"$71,040",0.56,"2,174",14,1 : 1,-77.59635385,35.91303781
42001,"Adams County, PA",23,212,"$66,944",0.47,"1,978",18,1 : 1,-77.21807609,39.87146641
1095,"Marshall County, AL",23,248,"$82,816",0.35,"1,651",21,2 : 1,-86.30615623,34.36690867
1115,"St. Clair County, AL",23,107,"$61,056",0.20,"1,486",9,2 : 1,-86.31476905,33.71540022
12087,"Monroe County, FL",23,235,"$53,632",0.38,"1,476",20,1 : 1,-81.12021765,25.27277607
37069,"Franklin County, NC",23,207,"$63,616",0.58,"1,436",17,2 : 1,-78.2853416,36.08251637
36113,"Warren County, NY",23,132,"$70,400",0.31,"1,302",11,1 : 1,-73.84603737,43.56091887
39119,"Muskingum County, OH",23,139,"$69,888",0.36,"1,174",12,2 : 1,-81.94452332,39.96581387
42025,"Carbon County, PA",23,97,"$46,720",0.32,"1,143",8,2 : 1,-75.70851105,40.91846484
49021,"Iron County, UT",23,92,"$54,656",0.44,"1,125",8,2 : 1,-113.2894426,37.85935379
22097,"St. Landry Parish, LA",23,265,"$52,096",0.39,"1,090",22,2 : 1,-92.00579532,30.59908084
13295,"Walker County, GA",23,81,"$51,968",0.25,"1,054",7,2 : 1,-85.30084531,34.73561638
2122,"Kenai Peninsula Borough, AK",23,252,"$86,272",0.41,"1,048",21,2 : 1,-151.5611779,60.2537748
51137,"Orange County, VA",23,89,"$54,784",0.50,"1,045",7,1 : 1,-78.01298345,38.24635826
40125,"Pottawatomie County, OK",23,170,"$62,336",0.28,"1,041",14,2 : 1,-96.94828061,35.20684527
26067,"Ionia County, MI",23,113,"$57,088",0.33,"1,038",9,2 : 1,-85.07413319,42.94502238
53027,"Grays Harbor County, WA",23,112,"$68,864",0.38,"1,025",9,1 : 1,-123.773048,47.14971004
31019,"Buffalo County, NE",23,306,"$73,088",0.51,"1,015",26,2 : 1,-99.07510068,40.85504881
51073,"Gloucester County, VA",23,64,"$64,896",0.22,985,5,2 : 1,-76.54142204,37.41403941
39101,"Marion County, OH",23,142,"$70,016",0.32,925,12,2 : 1,-83.1598587,40.58744702
39081,"Jefferson County, OH",23,704,"$100,224",1.18,907,59,1 : 1,-80.76113054,40.38470042
36023,"Cortland County, NY",23,330,"$70,016",0.64,875,28,2 : 1,-76.07049311,42.59514578
24041,"Talbot County, MD",23,213,"$70,016",0.45,771,18,2 : 1,-76.10341962,38.77026257
47035,"Cumberland County, TN",23,23,"$35,456",0.14,758,2,1 : 1,-84.9986148,35.95070017
19033,"Cerro Gordo County, IA",23,182,"$89,984",0.28,757,15,2 : 1,-93.2612239,43.08177563
48321,"Matagorda County, TX",23,118,"$63,744",1.26,732,10,1 : 1,-96.01140809,28.82108792
38089,"Stark County, ND",23,252,"$76,160",0.55,714,21,2 : 1,-102.6550438,46.81078851
21199,"Pulaski County, KY",23,56,"$59,776",0.18,689,5,1 : 1,-84.57709045,37.10380837
42123,"Warren County, PA",23,143,"$103,168",0.95,610,12,1 : 1,-79.2740453,41.81377056
13277,"Tift County, GA",23,48,"$57,984",0.39,596,4,1 : 1,-83.52652261,31.45751029
51570,"Colonial Heights City County, VA",23,253,"$90,496",0.54,594,21,2 : 1,-77.39716266,37.26480119
20125,"Montgomery County, KS",23,310,"$58,240",1.13,555,26,2 : 1,-95.74280727,37.19252895
53065,"Stevens County, WA",23,84,"$77,568",0.40,503,7,2 : 1,-117.8550713,48.39899156
17081,"Jefferson County, IL",23,92,"$83,200",0.26,447,8,2 : 1,-88.92397205,38.30019275
48217,"Hill County, TX",23,132,"$85,248",0.46,447,11,2 : 1,-97.13216715,31.99059876
37153,"Richmond County, NC",23,100,"$57,856",0.45,434,8,1 : 1,-79.74711644,35.00590629
8051,"Gunnison County, CO",23,43,"$68,992",0.32,434,4,1 : 1,-107.0316959,38.66684745
22117,"Washington Parish, LA",23,23,"$79,616",0.23,415,2,2 : 1,-90.04035989,30.85339081
27097,"Morrison County, MN",23,77,"$36,608",0.54,413,6,2 : 1,-94.26690418,46.01207437
27047,"Freeborn County, MN",23,164,"$55,168",0.77,408,14,2 : 1,-93.3488462,43.67383179
40041,"Delaware County, OK",23,15,"$32,240",0.15,356,1,2 : 1,-94.80256963,36.4089821
48363,"Palo Pinto County, TX",23,36,"$41,472",0.33,355,3,1 : 1,-98.31319001,32.75310985
49041,"Sevier County, UT",23,30,"$64,768",0.53,320,3,2 : 1,-111.8045988,38.74769427
8087,"Morgan County, CO",23,64,"$59,904",0.25,317,5,2 : 1,-103.8102221,40.26279879
28011,"Bolivar County, MS",23,161,"$82,176",0.90,309,13,1 : 1,-90.8802491,33.79549267
17147,"Piatt County, IL",23,226,"$89,856",0.71,293,19,2 : 1,-88.59111102,40.01024723
28029,"Copiah County, MS",23,85,"$42,496",0.60,285,7,2 : 1,-90.44883293,31.86883689
45053,"Jasper County, SC",23,73,"$42,112",0.17,276,6,2 : 1,-81.03177638,32.43633197
21213,"Simpson County, KY",23,296,"$51,072",0.85,264,25,2 : 1,-86.58284235,36.74196569
24039,"Somerset County, MD",23,91,"$100,096",0.73,263,8,2 : 1,-75.75887041,38.11381821
18075,"Jay County, IN",23,70,"$71,424",0.48,246,6,2 : 1,-85.00574703,40.43780769
38053,"McKenzie County, ND",23,155,"$72,960",0.86,246,13,2 : 1,-103.3954265,47.74027674
28123,"Scott County, MS",23,77,"$54,144",0.53,243,6,2 : 1,-89.53789439,32.4067041
48289,"Leon County, TX",23,23,Insf. Data,0.41,242,2,1 : 1,-95.9957025,31.29628413
18139,"Rush County, IN",23,65,"$52,096",0.73,239,5,2 : 1,-85.46543335,39.62002576
17033,"Crawford County, IL",23,63,"$100,096",0.75,238,5,3 : 1,-87.75932466,39.00382453
6021,"Glenn County, CA",23,37,"$44,032",0.38,235,3,1 : 1,-122.3921982,39.59788378
51167,"Russell County, VA",23,51,"$69,376",0.46,223,4,2 : 1,-82.09596509,36.93361023
47115,"Marion County, TN",23,112,"$59,904",0.52,209,9,2 : 1,-85.62192494,35.1294263
29207,"Stoddard County, MO",23,10,"$42,112",0.16,204,1,1 : 1,-89.94436038,36.85565464
12065,"Jefferson County, FL",23,41,"$47,744",0.40,203,3,2 : 1,-83.89500601,30.43779668
35041,"Roosevelt County, NM",23,26,"$69,888",0.28,200,2,2 : 1,-103.4801987,34.02127232
47097,"Lauderdale County, TN",23,35,"$45,184",0.37,192,3,4 : 1,-89.63135139,35.76118851
8071,"Las Animas County, CO",23,2,Insf. Data,0.06,190,0,1 : 1,-104.0385309,37.31577175
19075,"Grundy County, IA",23,53,"$45,696",1.11,183,4,2 : 1,-92.7914653,42.40195716
29215,"Texas County, MO",23,23,"$84,224",0.44,175,2,3 : 1,-91.96523434,37.3167567
55003,"Ashland County, WI",23,30,"$79,616",0.40,155,3,1 : 1,-90.67745058,46.33463725
17187,"Warren County, IL",23,22,"$50,176",0.21,151,2,3 : 1,-90.61478203,40.84888704
27065,"Kanabec County, MN",23,17,"$47,616",0.25,138,1,2 : 1,-93.29290464,45.94534057
38061,"Mountrail County, ND",23,50,"$65,792",0.54,136,4,1 : 1,-102.3557043,48.20129569
21095,"Harlan County, KY",23,16,"$37,248",0.29,132,1,2 : 1,-83.21750489,36.85707442
45081,"Saluda County, SC",23,20,"$39,552",0.32,132,2,1 : 1,-81.72732002,34.00631213
47173,"Union County, TN",23,20,"$77,696",0.36,131,2,2 : 1,-83.83725225,36.28814616
21001,"Adair County, KY",23,3,"$44,478",0.06,124,0,1 : 1,-85.28062533,37.1039252
38071,"Ramsey County, ND",23,36,"$58,112",0.24,124,3,2 : 1,-98.72015658,48.2690641
19081,"Hancock County, IA",23,36,"$87,296",0.49,121,3,2 : 1,-93.73454884,43.08178477
13319,"Wilkinson County, GA",23,52,"$96,512",0.51,119,4,1 : 1,-83.17090856,32.80234579
47007,"Bledsoe County, TN",23,8,"$52,992",0.21,111,1,1 : 1,-85.20533487,35.59663055
19131,"Mitchell County, IA",23,34,"$103,168",0.57,109,3,1 : 1,-92.78887576,43.35639379
28017,"Chickasaw County, MS",23,23,"$53,164",0.68,108,2,2 : 1,-88.94784369,33.92084863
54089,"Summers County, WV",23,23,"$94,993",0.70,96,2,2 : 1,-80.85840283,37.65596695
27029,"Clearwater County, MN",23,14,"$52,353",0.67,95,1,1 : 1,-95.37844018,47.57848837
21223,"Trimble County, KY",23,10,"$83,200",0.40,93,1,2 : 1,-85.33714572,38.61269613
51029,"Buckingham County, VA",23,20,"$96,512",0.30,85,2,1 : 1,-78.52851211,37.57196671
13005,"Bacon County, GA",23,17,Insf. Data,0.59,75,1,2 : 1,-82.45269728,31.55377644
48317,"Martin County, TX",23,34,"$80,128",0.46,64,3,2 : 1,-101.9513518,32.30600051
27069,"Kittson County, MN",23,14,Insf. Data,0.68,54,1,2 : 1,-96.78256113,48.77698427
53013,"Columbia County, WA",23,19,"$44,544",1.63,53,2,3 : 1,-117.9078252,46.29796069
48377,"Presidio County, TX",23,17,"$44,512",0.75,47,1,1 : 1,-104.2408125,29.99962168
47175,"Van Buren County, TN",23,16,"$70,912",0.70,42,1,1 : 1,-85.45359622,35.6961661
20077,"Harper County, KS",23,5,"$105,000",0.20,40,0,2 : 1,-98.07579639,37.1917471
48319,"Mason County, TX",23,1,Insf. Data,0.12,39,0,2 : 1,-99.22629725,30.7177995
38103,"Wells County, ND",23,7,"$46,752",0.56,32,1,1 : 1,-99.66092922,47.58750012
5147,"Woodruff County, AR",23,4,"$57,304",0.20,32,0,2 : 1,-91.24302721,35.18620495
21063,"Elliott County, KY",23,4,"$90,617",0.37,25,0,2 : 1,-83.09731571,38.11810953
20081,"Haskell County, KS",23,3,Insf. Data,0.21,24,0,3 : 1,-100.8710456,37.56200432
32029,"Storey County, NV",23,92,"$70,912",1.44,21,8,2 : 1,-119.5289865,39.44660847
38027,"Eddy County, ND",23,1,"$100,000",0.28,13,0,1 : 1,-98.90182925,47.71748723
23999,"[Maine, county not reported]",23,70,"$119,808",1.55,0,6,1 : 1,#N/A,#N/A
42999,"[Pennsylvania, county not reported]",23,545,"$123,264",1.39,0,45,2 : 1,#N/A,#N/A
12101,"Pasco County, FL",22,"1,108","$105,856",0.29,"11,549",92,2 : 1,-82.3964731,28.30833195
12019,"Clay County, FL",22,477,"$112,000",0.24,"5,657",40,3 : 1,-81.85783045,29.98317912
21227,"Warren County, KY",22,584,"$73,088",0.55,"3,249",49,2 : 1,-86.42358976,36.9932296
38015,"Burleigh County, ND",22,"3,149","$91,520",1.45,"3,030",262,1 : 1,-100.4687948,46.97733689
42021,"Cambria County, PA",22,411,"$81,792",0.66,"2,577",34,1 : 1,-78.71388554,40.49518786
51840,"Winchester City County, VA",22,660,"$115,968",1.04,"2,456",55,2 : 1,-78.17299993,39.17278399
47113,"Madison County, TN",22,309,"$62,464",0.43,"2,430",26,1 : 1,-88.83867386,35.60806385
13095,"Dougherty County, GA",22,288,"$83,328",0.41,"2,101",24,2 : 1,-84.21604918,31.53329476
12017,"Citrus County, FL",22,105,"$45,696",0.23,"2,067",9,2 : 1,-82.47793438,28.84873662
12089,"Nassau County, FL",22,341,"$124,288",0.43,"2,013",28,2 : 1,-81.80190989,30.61062054
37027,"Caldwell County, NC",22,149,"$70,912",0.37,"1,813",12,1 : 1,-81.5469666,35.95288519
21145,"McCracken County, KY",22,173,"$75,136",0.32,"1,506",14,2 : 1,-88.71249008,37.05384925
37023,"Burke County, NC",22,203,"$64,384",0.28,"1,179",17,1 : 1,-81.70505869,35.74914733
17007,"Boone County, IL",22,111,"$44,928",0.30,"1,038",9,3 : 1,-88.82348512,42.32294195
39077,"Huron County, OH",22,217,"$75,136",0.44,978,18,1 : 1,-82.59842269,41.14651716
37193,"Wilkes County, NC",22,109,"$59,648",0.35,957,9,1 : 1,-81.16305367,36.20617699
18053,"Grant County, IN",22,199,"$72,960",0.32,929,17,2 : 1,-85.65468702,40.51587228
37093,"Hoke County, NC",22,73,"$103,680",0.33,885,6,2 : 1,-79.23678619,35.01716668
48001,"Anderson County, TX",22,107,"$69,504",0.27,706,9,2 : 1,-95.65255946,31.81341571
6033,"Lake County, CA",22,88,"$83,200",0.20,697,7,2 : 1,-122.7532352,39.0996887
8039,"Elbert County, CO",22,41,"$89,856",0.32,681,3,6 : 1,-104.1351629,39.2863996
12129,"Wakulla County, FL",22,68,"$42,112",0.41,596,6,2 : 1,-84.40005301,30.16603091
47177,"Warren County, TN",22,41,"$53,376",0.22,567,3,1 : 1,-85.77914118,35.67900378
51043,"Clarke County, VA",22,115,"$99,072",1.51,566,10,2 : 1,-77.99656139,39.11236047
37083,"Halifax County, NC",22,82,"$64,896",0.31,549,7,1 : 1,-77.65158415,36.25737352
21125,"Laurel County, KY",22,71,"$82,816",0.46,525,6,1 : 1,-84.1176508,37.11047425
55123,"Vernon County, WI",22,17,"$58,112",0.20,484,1,1 : 1,-90.83463661,43.59402052
51083,"Halifax County, VA",22,95,"$53,248",0.53,479,8,2 : 1,-78.93659955,36.76689258
47055,"Giles County, TN",22,55,"$52,096",0.26,461,5,2 : 1,-87.03541784,35.20194268
17105,"Livingston County, IL",22,270,"$72,576",0.75,450,23,1 : 1,-88.55786997,40.89167342
18179,"Wells County, IN",22,191,"$50,048",0.46,444,16,4 : 1,-85.22119115,40.72931843
28003,"Alcorn County, MS",22,104,"$63,872",0.68,428,9,3 : 1,-88.57997736,34.88083218
5091,"Miller County, AR",22,70,"$43,520",0.41,396,6,1 : 1,-93.89142003,33.31200171
13279,"Toombs County, GA",22,16,"$96,512",0.08,373,1,2 : 1,-82.33096121,32.12156708
13257,"Stephens County, GA",22,20,"$38,376",0.12,369,2,1 : 1,-83.29303308,34.55397748
51185,"Tazewell County, VA",22,136,"$60,288",0.36,369,11,2 : 1,-81.56046571,37.12490124
37149,"Polk County, NC",22,32,"$51,456",0.25,347,3,2 : 1,-82.17008141,35.27959223
40065,"Jackson County, OK",22,64,"$120,576",0.49,337,5,2 : 1,-99.41545292,34.58800041
42105,"Potter County, PA",22,246,"$114,944",1.28,334,21,1 : 1,-77.89566563,41.74480517
26051,"Gladwin County, MI",22,34,"$82,432",0.65,321,3,2 : 1,-84.38860114,43.99062122
1047,"Dallas County, AL",22,88,"$94,592",0.27,300,7,2 : 1,-87.10649231,32.32606741
27021,"Cass County, MN",22,36,"$67,328",0.49,284,3,2 : 1,-94.32573065,46.94877115
17041,"Douglas County, IL",22,41,"$92,416",0.23,265,3,1 : 1,-88.21756136,39.7695478
45089,"Williamsburg County, SC",22,33,"$63,360",0.54,232,3,1 : 1,-79.72785637,33.62020834
19065,"Fayette County, IA",22,36,"$54,016",0.33,218,3,2 : 1,-91.84419994,42.8627134
37029,"Camden County, NC",22,20,"$67,456",0.83,202,2,2 : 1,-76.20583468,36.38675278
37199,"Yancey County, NC",22,30,"$95,488",0.48,193,3,1 : 1,-82.30812844,35.8984235
17025,"Clay County, IL",22,40,Insf. Data,0.90,186,3,2 : 1,-88.49033998,38.75410733
1087,"Macon County, AL",22,84,"$71,040",0.46,183,7,2 : 1,-85.69260703,32.38585029
5141,"Van Buren County, AR",22,7,"$35,581",0.18,181,1,2 : 1,-92.51610324,35.58054667
55007,"Bayfield County, WI",22,12,"$79,616",0.84,173,1,1 : 1,-91.20077484,46.52418284
19175,"Union County, IA",22,10,"$104,000",0.13,167,1,1 : 1,-94.24234847,41.0277278
27071,"Koochiching County, MN",22,21,"$74,496",0.56,161,2,2 : 1,-93.78362729,48.24510754
6011,"Colusa County, CA",22,50,"$64,256",0.46,160,4,2 : 1,-122.2363987,39.17719198
37033,"Caswell County, NC",22,17,"$39,424",0.21,153,1,1 : 1,-79.33355984,36.39327555
21191,"Pendleton County, KY",22,17,"$33,665",0.31,151,1,1 : 1,-84.36004407,38.69570469
19005,"Allamakee County, IA",22,11,"$52,500",0.27,123,1,2 : 1,-91.37915589,43.28400613
51115,"Mathews County, VA",22,54,"$104,192",0.90,112,5,2 : 1,-76.34148682,37.43639888
26097,"Mackinac County, MI",22,14,"$41,472",0.13,95,1,2 : 1,-85.07704103,46.07858665
21031,"Butler County, KY",22,8,"$70,720",0.28,94,1,1 : 1,-86.68145677,37.20710749
32017,"Lincoln County, NV",22,5,"$72,960",0.38,92,0,2 : 1,-114.8771351,37.64342469
21219,"Todd County, KY",22,56,"$44,034",0.66,80,5,1 : 1,-87.17903216,36.8358203
48307,"McCulloch County, TX",22,3,"$300,000",0.18,79,0,1 : 1,-99.34743941,31.1988896
48109,"Culberson County, TX",22,71,"$137,728",2.76,77,6,1 : 1,-104.5179143,31.44657839
21061,"Edmonson County, KY",22,5,"$54,652",0.23,75,0,1 : 1,-86.23847919,37.20904677
46101,"Moody County, SD",22,28,"$65,024",0.36,69,2,2 : 1,-96.67091097,44.02224521
21025,"Breathitt County, KY",22,9,"$56,320",0.39,62,1,1 : 1,-83.32358216,37.5214728
29033,"Carroll County, MO",22,8,"$53,248",0.30,62,1,1 : 1,-93.50521161,39.42694823
8063,"Kit Carson County, CO",22,8,"$60,416",0.15,61,1,2 : 1,-102.60233,39.30507096
8073,"Lincoln County, CO",22,7,"$89,856",0.20,53,1,1 : 1,-103.5137335,38.98742236
13287,"Turner County, GA",22,5,"$53,560",0.21,52,0,1 : 1,-83.62479675,31.7164981
31173,"Thurston County, NE",22,20,"$83,712",0.38,46,2,1 : 1,-96.54400362,42.15819496
8095,"Phillips County, CO",22,8,"$50,688",0.24,43,1,3 : 1,-102.3573987,40.59394842
48359,"Oldham County, TX",22,6,"$81,920",0.26,33,1,1 : 1,-102.6027421,35.40425708
17153,"Pulaski County, IL",22,44,"$125,184",1.82,32,4,1 : 1,-89.12738626,37.22269456
30091,"Sheridan County, MT",22,12,"$43,264",0.83,32,1,2 : 1,-104.5046932,48.72121163
30015,"Chouteau County, MT",22,7,"$42,047",0.76,31,1,1 : 1,-110.4356833,47.88028152
48169,"Garza County, TX",22,9,"$95,744",0.19,24,1,2 : 1,-101.2984114,33.17969345
48011,"Armstrong County, TX",22,7,"$56,064",0.34,21,1,1 : 1,-101.3574874,34.96507426
8017,"Cheyenne County, CO",22,31,"$50,944",0.35,21,3,1 : 1,-102.6036365,38.82780723
38029,"Emmons County, ND",22,10,"$36,400",0.81,20,1,2 : 1,-100.2386194,46.28495441
46069,"Hyde County, SD",22,11,"$73,088",0.61,18,1,1 : 1,-99.48692012,44.54709825
15005,"Kalawao County, HI",22,1,Insf. Data,0.66,9,0,1 : 1,-156.9493744,21.17295672
48205,"Hartley County, TX",22,1,Insf. Data,0.15,9,0,1 : 1,-102.6029352,35.84008345
46017,"Buffalo County, SD",22,6,"$63,744",0.99,6,1,1 : 1,-99.20485567,44.07640555
56999,"[Wyoming, county not reported]",22,129,"$62,208",1.60,0,11,1 : 1,#N/A,#N/A
18157,"Tippecanoe County, IN",21,"8,317","$83,328",2.38,"13,337",693,1 : 1,-86.89407624,40.38871167
51121,"Montgomery County, VA",21,"1,214","$80,256",1.09,"7,553",101,2 : 1,-80.38642559,37.17483569
51660,"Harrisonburg City County, VA",21,355,"$78,720",0.49,"2,128",30,2 : 1,-78.87397667,38.43833151
42107,"Schuylkill County, PA",21,568,"$105,344",0.55,"1,916",47,1 : 1,-76.21642765,40.70586881
51047,"Culpeper County, VA",21,228,"$84,352",0.89,"1,452",19,2 : 1,-77.95541958,38.48620048
55017,"Chippewa County, WI",21,138,"$94,080",0.58,"1,303",12,2 : 1,-91.28017125,45.06921882
24019,"Dorchester County, MD",21,129,"$77,056",0.59,"1,022",11,1 : 1,-76.02355952,38.46896686
54079,"Putnam County, WV",21,130,"$61,184",0.65,"1,020",11,2 : 1,-81.90915525,38.5085024
28109,"Pearl River County, MS",21,48,"$45,440",0.28,930,4,1 : 1,-89.58952146,30.76882496
51165,"Rockingham County, VA",21,258,"$80,128",0.87,907,22,2 : 1,-78.87581609,38.51221007
42033,"Clearfield County, PA",21,90,"$69,888",0.45,896,8,1 : 1,-78.4740474,41.00013648
37107,"Lenoir County, NC",21,149,"$85,376",0.45,793,12,2 : 1,-77.64152691,35.23892735
54081,"Raleigh County, WV",21,369,"$70,912",0.71,778,31,2 : 1,-81.24873953,37.77126746
40087,"McClain County, OK",21,75,"$67,968",0.27,765,6,2 : 1,-97.44298086,35.00888538
8107,"Routt County, CO",21,50,"$77,056",0.21,700,4,2 : 1,-106.9915083,40.48549841
56039,"Teton County, WY",21,174,"$52,096",0.32,661,15,1 : 1,-110.5896979,43.93456366
42115,"Susquehanna County, PA",21,296,"$88,320",0.50,587,25,1 : 1,-75.80090451,41.82127676
42087,"Mifflin County, PA",21,105,"$76,544",0.54,558,9,1 : 1,-77.6170294,40.61051314
35005,"Chaves County, NM",21,218,"$79,744",0.39,546,18,2 : 1,-104.4668372,33.36323485
38059,"Morton County, ND",21,99,"$75,008",0.48,532,8,2 : 1,-101.2808428,46.71620349
18031,"Decatur County, IN",21,110,"$49,408",0.52,526,9,2 : 1,-85.50090226,39.30715055
51155,"Pulaski County, VA",21,149,"$67,456",0.55,484,12,1 : 1,-80.71348404,37.0632927
24011,"Caroline County, MD",21,64,"$68,864",0.51,480,5,2 : 1,-75.83180727,38.87198968
21005,"Anderson County, KY",21,34,"$43,520",0.26,444,3,4 : 1,-84.99140593,38.00378449
26007,"Alpena County, MI",21,74,"$67,840",0.34,435,6,2 : 1,-83.62606894,45.03457851
51143,"Pittsylvania County, VA",21,45,"$71,424",0.38,428,4,1 : 1,-79.39718973,36.82128716
18119,"Owen County, IN",21,41,"$76,032",0.42,383,3,1 : 1,-86.83782352,39.31262962
40079,"Le Flore County, OK",21,24,"$40,320",0.16,361,2,2 : 1,-94.70338293,34.90011477
28085,"Lincoln County, MS",21,35,"$57,984",0.31,359,3,2 : 1,-90.45417438,31.53240135
31155,"Saunders County, NE",21,53,"$44,288",0.26,355,4,6 : 1,-96.63733984,41.22629371
51678,"Lexington City County, VA",21,69,"$88,832",0.39,351,6,2 : 1,-79.44575305,37.78179822
39125,"Paulding County, OH",21,62,"$75,008",0.41,343,5,3 : 1,-84.58018842,41.11674251
17157,"Randolph County, IL",21,182,"$122,752",0.91,323,15,2 : 1,-89.82565532,38.05214985
18147,"Spencer County, IN",21,134,"$67,968",0.68,318,11,2 : 1,-87.00784468,38.01429111
6063,"Plumas County, CA",21,85,"$68,864",0.50,314,7,1 : 1,-120.8382348,40.00422172
5059,"Hot Spring County, AR",21,103,"$62,336",0.59,295,9,2 : 1,-92.94560125,34.31751189
13261,"Sumter County, GA",21,37,"$50,048",0.35,285,3,1 : 1,-84.19615662,32.04008071
26089,"Leelanau County, MI",21,50,"$65,920",0.61,284,4,2 : 1,-85.81220561,44.93943424
47029,"Cocke County, TN",21,44,"$67,456",0.27,282,4,2 : 1,-83.12121537,35.92555143
45087,"Union County, SC",21,56,"$66,432",0.50,268,5,2 : 1,-81.61926683,34.68978386
18049,"Fulton County, IN",21,42,"$43,520",0.26,258,4,1 : 1,-86.26356168,41.04713247
49019,"Grand County, UT",21,47,"$67,456",0.49,257,4,1 : 1,-109.5698239,38.98190066
55113,"Sawyer County, WI",21,20,"$39,424",0.44,243,2,1 : 1,-91.14489019,45.87995292
1025,"Clarke County, AL",21,29,"$90,368",0.28,225,2,2 : 1,-87.83077181,31.67695451
27159,"Wadena County, MN",21,25,"$47,360",0.33,217,2,2 : 1,-94.9700148,46.5856535
18117,"Orange County, IN",21,28,"$45,696",0.23,216,2,2 : 1,-86.49522904,38.5412136
16053,"Jerome County, ID",21,52,"$43,648",0.46,215,4,2 : 1,-114.2642648,42.68974614
17189,"Washington County, IL",21,16,"$87,296",0.31,213,1,1 : 1,-89.41050166,38.35241923
31043,"Dakota County, NE",21,96,"$79,872",0.50,210,8,2 : 1,-96.56465437,42.39108493
55077,"Marquette County, WI",21,14,"$45,312",0.49,208,1,2 : 1,-89.39896563,43.81971333
1061,"Geneva County, AL",21,9,"$98,500",0.13,203,1,2 : 1,-85.83932953,31.09486905
21043,"Carter County, KY",21,23,"$36,352",0.54,199,2,1 : 1,-83.0504524,38.31813851
8081,"Moffat County, CO",21,26,"$62,464",0.25,191,2,1 : 1,-108.2075581,40.61858161
29015,"Benton County, MO",21,6,"$100,000",0.13,174,1,1 : 1,-93.28827876,38.2951634
19023,"Butler County, IA",21,34,"$69,376",0.54,168,3,1 : 1,-92.79015971,42.73172833
45049,"Hampton County, SC",21,24,"$44,160",0.29,166,2,2 : 1,-81.14110731,32.7764169
30021,"Dawson County, MT",21,40,"$55,552",0.49,161,3,1 : 1,-104.899515,47.26636057
51057,"Essex County, VA",21,60,"$78,592",0.60,159,5,1 : 1,-76.9520416,37.94303646
51175,"Southampton County, VA",21,12,"$89,344",0.22,145,1,1 : 1,-77.10566044,36.72019409
48297,"Live Oak County, TX",21,41,"$88,832",0.93,140,3,1 : 1,-98.12498408,28.35137771
30087,"Rosebud County, MT",21,22,"$64,512",0.78,131,2,2 : 1,-106.7307531,46.22979285
8103,"Rio Blanco County, CO",21,12,"$54,016",0.18,126,1,1 : 1,-108.2172628,39.97993245
27089,"Marshall County, MN",21,9,"$63,315",0.41,120,1,1 : 1,-96.3692954,48.35830232
19035,"Cherokee County, IA",21,29,"$70,400",0.45,119,2,2 : 1,-95.62389402,42.73538914
21011,"Bath County, KY",21,6,Insf. Data,0.15,108,1,2 : 1,-83.74265272,38.14480167
5067,"Jackson County, AR",21,51,"$82,688",0.63,101,4,1 : 1,-91.21423884,35.59923757
40069,"Johnston County, OK",21,10,"$37,888",0.24,84,1,1 : 1,-96.66080537,34.31652004
5049,"Fulton County, AR",21,17,"$95,000",0.87,81,1,1 : 1,-91.81767336,36.3818346
21175,"Morgan County, KY",21,12,"$104,759",0.47,76,1,1 : 1,-83.25778159,37.92214018
19069,"Franklin County, IA",21,26,"$110,848",0.53,73,2,1 : 1,-93.26256925,42.73270384
1131,"Wilcox County, AL",21,45,"$101,888",1.12,67,4,1 : 1,-87.30786547,31.98928301
19009,"Audubon County, IA",21,6,"$58,112",0.23,66,1,5 : 1,-94.90581859,41.6844628
29061,"Daviess County, MO",21,8,"$47,104",0.39,65,1,2 : 1,-93.98514508,39.96169076
20143,"Ottawa County, KS",21,14,"$33,280",0.91,63,1,1 : 1,-97.65020313,39.13237408
8121,"Washington County, CO",21,6,"$68,864",0.58,47,1,2 : 1,-103.2015041,39.97109881
29211,"Sullivan County, MO",21,10,"$61,184",0.23,38,1,2 : 1,-93.11159068,40.21033053
28119,"Quitman County, MS",21,6,Insf. Data,0.58,29,1,1 : 1,-90.28933634,34.25120737
35019,"Guadalupe County, NM",21,10,"$44,672",0.34,28,1,1 : 1,-104.7904138,34.86315461
46053,"Gregory County, SD",21,11,"$68,352",0.62,21,1,2 : 1,-99.18590693,43.19247936
48393,"Roberts County, TX",21,5,Insf. Data,0.72,12,0,1 : 1,-100.813175,35.83809685
30075,"Powder River County, MT",21,4,"$68,868",0.45,9,0,1 : 1,-105.6300238,45.39499878
30033,"Garfield County, MT",21,3,"$38,709",1.19,5,0,3 : 1,-106.9928862,47.27767106
11999,"[District of Columbia, county not reported]",21,209,"$112,128",3.66,0,17,2 : 1,#N/A,#N/A
24999,"[Maryland, county not reported]",21,"1,238","$129,280",2.41,0,103,1 : 1,#N/A,#N/A
23001,"Androscoggin County, ME",20,540,"$100,096",0.54,"2,773",45,1 : 1,-70.20524042,44.16543634
48021,"Bastrop County, TX",20,575,"$120,192",0.77,"2,009",48,2 : 1,-97.31201625,30.10367452
24045,"Wicomico County, MD",20,485,"$114,944",0.58,"1,948",40,2 : 1,-75.62218411,38.37287229
1055,"Etowah County, AL",20,138,"$63,104",0.21,"1,534",12,2 : 1,-86.03476854,34.04518886
54033,"Harrison County, WV",20,757,"$95,104",1.21,"1,531",63,2 : 1,-80.37983086,39.28363307
24001,"Allegany County, MD",20,361,"$75,008",0.51,"1,166",30,2 : 1,-78.69871136,39.62117263
28075,"Lauderdale County, MS",20,165,"$61,056",0.31,992,14,1 : 1,-88.66247435,32.40429857
1071,"Jackson County, AL",20,289,"$100,224",0.91,775,24,2 : 1,-85.99947584,34.77954231
28067,"Jones County, MS",20,105,"$48,512",0.52,728,9,2 : 1,-89.168969,31.62257767
19099,"Jasper County, IA",20,75,"$55,168",0.21,697,6,2 : 1,-93.05376026,41.6860352
51003,"Albemarle County, VA",20,903,"$81,792",0.98,694,75,2 : 1,-78.55661903,38.02273165
17117,"Macoupin County, IL",20,137,"$114,944",0.66,677,11,2 : 1,-89.92459485,39.26136043
42061,"Huntingdon County, PA",20,105,"$62,848",0.74,658,9,1 : 1,-77.98140696,40.41688617
36095,"Schoharie County, NY",20,60,"$56,064",0.43,606,5,2 : 1,-74.44200509,42.58814833
42035,"Clinton County, PA",20,114,"$65,792",0.65,580,10,1 : 1,-77.63798759,41.23402092
8093,"Park County, CO",20,31,"$37,376",0.44,481,3,1 : 1,-105.7172304,39.11969049
12063,"Jackson County, FL",20,63,"$76,672",0.27,466,5,1 : 1,-85.21596518,30.79547704
18169,"Wabash County, IN",20,75,"$41,600",0.24,464,6,2 : 1,-85.79427017,40.84573494
1039,"Covington County, AL",20,53,"$62,464",0.37,447,4,1 : 1,-86.45142629,31.24861005
13123,"Gilmer County, GA",20,8,Insf. Data,0.09,425,1,2 : 1,-84.45574304,34.6914172
29023,"Butler County, MO",20,38,"$95,488",0.16,424,3,1 : 1,-90.40672985,36.71638784
1009,"Blount County, AL",20,20,"$34,944",0.11,418,2,2 : 1,-86.5670064,33.98087061
40039,"Custer County, OK",20,42,"$82,176",0.35,418,4,2 : 1,-99.0014123,35.63856198
49007,"Carbon County, UT",20,31,"$82,688",0.33,366,3,2 : 1,-110.5891155,39.64773138
47013,"Campbell County, TN",20,27,"$76,160",0.17,357,2,2 : 1,-84.14937651,36.40334413
51101,"King William County, VA",20,123,"$70,016",0.81,357,10,2 : 1,-77.08804071,37.70635361
28145,"Union County, MS",20,54,"$75,008",0.48,348,5,2 : 1,-89.00393228,34.49025133
12093,"Okeechobee County, FL",20,72,"$51,968",0.25,331,6,2 : 1,-80.88873614,27.3866315
39175,"Wyandot County, OH",20,58,"$73,600",0.68,328,5,2 : 1,-83.3042663,40.84236699
18041,"Fayette County, IN",20,22,"$53,120",0.18,326,2,2 : 1,-85.17841116,39.63983379
17083,"Jersey County, IL",20,246,"$122,624",1.36,288,21,2 : 1,-90.3567923,39.0855748
37117,"Martin County, NC",20,12,"$39,552",0.18,273,1,1 : 1,-77.10604281,35.84087616
18047,"Franklin County, IN",20,36,"$77,696",0.50,252,3,2 : 1,-85.06053013,39.41429175
16045,"Gem County, ID",20,28,"$47,616",0.23,226,2,2 : 1,-116.3979457,44.0602805
27057,"Hubbard County, MN",20,23,"$108,800",0.27,219,2,2 : 1,-94.91640615,47.10785166
40117,"Pawnee County, OK",20,29,"$40,064",0.32,219,2,2 : 1,-96.69954973,36.31680135
21097,"Harrison County, KY",20,17,"$54,016",0.16,212,1,2 : 1,-84.33134658,38.44203171
16079,"Shoshone County, ID",20,101,"$58,112",1.87,181,8,1 : 1,-115.8911361,47.35176251
40035,"Craig County, OK",20,14,"$81,664",0.18,181,1,1 : 1,-95.20866115,36.76178038
17053,"Ford County, IL",20,25,"$36,400",0.22,175,2,2 : 1,-88.22313426,40.59686492
35029,"Luna County, NM",20,33,"$79,104",0.22,168,3,1 : 1,-107.7498996,32.18233304
48395,"Robertson County, TX",20,61,"$134,912",0.47,164,5,1 : 1,-96.51322902,31.02665136
54091,"Taylor County, WV",20,18,"$33,185",0.40,157,2,2 : 1,-80.04598163,39.33588922
28061,"Jasper County, MS",20,8,"$35,360",0.24,156,1,1 : 1,-89.11866575,32.01901366
40001,"Adair County, OK",20,25,"$60,288",0.38,153,2,1 : 1,-94.65863245,35.88406262
13017,"Ben Hill County, GA",20,5,Insf. Data,0.12,149,0,2 : 1,-83.22027638,31.75972075
1099,"Monroe County, AL",20,102,"$56,192",0.61,145,9,2 : 1,-87.36529615,31.57107175
13163,"Jefferson County, GA",20,39,"$71,424",0.38,143,3,1 : 1,-82.41823729,33.05432827
18131,"Pulaski County, IN",20,38,"$73,088",0.49,142,3,2 : 1,-86.69890683,41.04166107
4012,"La Paz County, AZ",20,25,"$59,904",0.31,138,2,1 : 1,-113.981207,33.7291609
37137,"Pamlico County, NC",20,8,"$66,816",0.12,137,1,2 : 1,-76.72927678,35.14691784
21121,"Knox County, KY",20,18,"$62,208",0.49,134,2,2 : 1,-83.8543202,36.89050509
40095,"Marshall County, OK",20,10,"$45,240",0.23,133,1,1 : 1,-96.76917298,34.02458841
26071,"Iron County, MI",20,43,"$48,384",0.84,127,4,2 : 1,-88.53028044,46.20865908
21197,"Powell County, KY",20,12,"$54,784",0.29,118,1,2 : 1,-83.82298076,37.83036747
26119,"Montmorency County, MI",20,13,"$75,008",0.34,117,1,1 : 1,-84.12740152,45.02758285
19091,"Humboldt County, IA",20,16,"$53,760",0.41,116,1,1 : 1,-94.20722537,42.7764426
13161,"Jeff Davis County, GA",20,5,"$52,260",0.20,113,0,1 : 1,-82.63685771,31.8053696
45017,"Calhoun County, SC",20,4,Insf. Data,0.11,112,0,1 : 1,-80.78101991,33.67482869
13149,"Heard County, GA",20,3,Insf. Data,0.18,107,0,1 : 1,-85.12848262,33.296853
8027,"Custer County, CO",20,5,"$44,720",0.31,107,0,2 : 1,-105.3670379,38.10882281
28129,"Smith County, MS",20,9,"$129,792",0.39,99,1,2 : 1,-89.50664426,32.01792861
17061,"Greene County, IL",20,6,"$41,600",0.17,96,1,1 : 1,-90.39051245,39.3563746
28021,"Claiborne County, MS",20,39,"$93,952",1.93,92,3,3 : 1,-90.91182829,31.9736924
29063,"DeKalb County, MO",20,3,"$128,100",0.16,77,0,2 : 1,-94.40452876,39.89285656
16087,"Washington County, ID",20,13,"$41,472",0.47,70,1,1 : 1,-116.7847747,44.45250794
38009,"Bottineau County, ND",20,9,"$82,688",0.19,65,1,1 : 1,-100.8333086,48.792102
5097,"Montgomery County, AR",20,23,"$89,856",0.47,65,2,3 : 1,-93.65944523,34.53888136
18171,"Warren County, IN",20,13,"$58,240",0.28,63,1,1 : 1,-87.35336964,40.34704622
51051,"Dickenson County, VA",20,30,"$75,727",0.56,63,3,2 : 1,-82.35094586,37.12613493
54047,"McDowell County, WV",20,120,"$60,032",2.49,59,10,2 : 1,-81.65416089,37.378572
31107,"Knox County, NE",20,41,"$82,688",0.66,54,3,2 : 1,-97.89176183,42.63684531
17013,"Calhoun County, IL",20,102,"$123,136",2.94,51,9,2 : 1,-90.66743491,39.16895789
29205,"Shelby County, MO",20,3,Insf. Data,0.18,50,0,2 : 1,-92.07658198,39.7979959
16063,"Lincoln County, ID",20,14,"$56,576",1.01,45,1,1 : 1,-114.1383193,43.00232711
1063,"Greene County, AL",20,6,Insf. Data,0.27,34,1,1 : 1,-87.95276818,32.853304
38013,"Burke County, ND",20,2,"$73,476",0.54,23,0,2 : 1,-102.5181759,48.79096757
16033,"Clark County, ID",20,10,"$51,362",4.72,18,1,2 : 1,-112.3520136,44.28409003
31103,"Keya Paha County, NE",20,2,Insf. Data,1.10,7,0,1 : 1,-99.71213247,42.87883323
46075,"Jones County, SD",20,8,"$47,616",1.44,5,1,1 : 1,-100.6897488,43.96077423
46999,"[South Dakota, county not reported]",20,38,"$52,811",0.86,0,3,1 : 1,#N/A,#N/A
39139,"Richland County, OH",19,266,"$80,256",0.37,"1,985",22,2 : 1,-82.53676639,40.77482478
51019,"Bedford County, VA",19,64,"$65,024",0.29,"1,665",5,1 : 1,-79.52391814,37.31502696
55043,"Grant County, WI",19,49,"$64,768",0.34,"1,223",4,2 : 1,-90.70630534,42.86757481
51775,"Salem City County, VA",19,281,"$83,328",0.35,984,23,2 : 1,-80.05325441,37.28655753
22113,"Vermilion Parish, LA",19,37,"$64,384",0.16,809,3,3 : 1,-92.32457583,29.84621938
55005,"Barron County, WI",19,71,"$51,968",0.30,734,6,1 : 1,-91.84833604,45.42372695
51145,"Powhatan County, VA",19,51,"$50,304",0.42,683,4,2 : 1,-77.915315,37.55029696
36035,"Fulton County, NY",19,29,"$58,112",0.20,630,2,1 : 1,-74.42194258,43.11377432
39087,"Lawrence County, OH",19,60,"$75,008",0.43,622,5,1 : 1,-82.53675197,38.59849502
42009,"Bedford County, PA",19,142,"$62,208",0.66,548,12,2 : 1,-78.49051194,40.00670558
21195,"Pike County, KY",19,172,"$50,816",0.73,469,14,1 : 1,-82.39537783,37.46909859
48049,"Brown County, TX",19,69,"$72,960",0.29,442,6,1 : 1,-98.99881071,31.77417703
39131,"Pike County, OH",19,83,"$77,568",0.90,394,7,2 : 1,-83.06678951,39.07705515
12121,"Suwannee County, FL",19,31,"$44,160",0.23,365,3,2 : 1,-82.99147597,30.19562156
50019,"Orleans County, VT",19,70,"$51,968",0.34,329,6,2 : 1,-72.24360335,44.82900254
27055,"Houston County, MN",19,28,"$46,592",0.41,314,2,1 : 1,-91.49277553,43.67146528
48337,"Montague County, TX",19,25,"$37,440",0.26,281,2,1 : 1,-97.72439946,33.67539964
5029,"Conway County, AR",19,136,"$88,448",0.48,270,11,2 : 1,-92.70098811,35.26227905
55129,"Washburn County, WI",19,19,"$57,344",0.55,263,2,2 : 1,-91.79131495,45.89909725
28091,"Marion County, MS",19,17,"$81,664",0.31,251,1,1 : 1,-89.8225233,31.23086459
21071,"Floyd County, KY",19,99,"$48,640",0.67,250,8,2 : 1,-82.74545562,37.55729538
21103,"Henry County, KY",19,25,"$41,600",0.31,250,2,1 : 1,-85.11897835,38.44849046
30043,"Jefferson County, MT",19,19,"$50,432",0.50,228,2,1 : 1,-112.0940513,46.14859974
42067,"Juniata County, PA",19,31,"$46,080",0.49,208,3,1 : 1,-77.40277415,40.5308105
23021,"Piscataquis County, ME",19,21,"$48,131",0.39,185,2,2 : 1,-69.28442666,45.83789196
17129,"Menard County, IL",19,40,"$125,696",0.83,184,3,2 : 1,-89.80172848,40.02711636
47023,"Chester County, TN",19,6,"$53,052",0.19,177,1,1 : 1,-88.61425832,35.42206909
27105,"Nobles County, MN",19,56,"$48,896",0.34,176,5,2 : 1,-95.75326093,43.67428858
13019,"Berrien County, GA",19,3,Insf. Data,0.13,159,0,1 : 1,-83.22972091,31.27569067
26141,"Presque Isle County, MI",19,20,"$53,632",0.57,155,2,2 : 1,-83.91721501,45.34035915
19145,"Page County, IA",19,35,"$55,936",0.25,138,3,1 : 1,-95.15010031,40.73917437
28023,"Clarke County, MS",19,9,"$41,600",0.24,132,1,1 : 1,-88.68928948,32.04139674
30017,"Custer County, MT",19,35,"$66,816",0.34,132,3,2 : 1,-105.5718948,46.25264388
41037,"Lake County, OR",19,37,"$64,000",0.79,119,3,1 : 1,-120.3873864,42.79350818
45061,"Lee County, SC",19,13,"$100,096",0.24,114,1,1 : 1,-80.25465278,34.16360573
40105,"Nowata County, OK",19,14,Insf. Data,0.39,99,1,1 : 1,-95.61735986,36.79844119
54023,"Grant County, WV",19,70,"$125,312",1.47,97,6,2 : 1,-79.19584305,39.10496268
20067,"Grant County, KS",19,3,"$39,520",0.11,89,0,1 : 1,-101.3079758,37.56227336
21187,"Owen County, KY",19,5,"$33,920",0.18,87,0,1 : 1,-84.82790284,38.52025251
51077,"Grayson County, VA",19,23,"$50,048",0.71,80,2,1 : 1,-81.22507847,36.65661781
40127,"Pushmataha County, OK",19,9,"$30,846",0.42,79,1,1 : 1,-95.37595261,34.41635817
19195,"Worth County, IA",19,25,"$93,952",0.41,73,2,1 : 1,-93.26085274,43.37747964
8021,"Conejos County, CO",19,41,"$94,720",1.63,68,3,1 : 1,-106.1911108,37.20059578
55037,"Florence County, WI",19,13,"$125,440",0.72,66,1,1 : 1,-88.39761751,45.8480979
48505,"Zapata County, TX",19,2,Insf. Data,0.09,65,0,1 : 1,-99.16858655,27.00076857
37075,"Graham County, NC",19,13,"$195,000",0.32,54,1,2 : 1,-83.83311406,35.35024285
31139,"Pierce County, NE",19,7,"$115,500",0.37,53,1,1 : 1,-97.60122773,42.26434853
29149,"Oregon County, MO",19,2,Insf. Data,0.14,52,0,1 : 1,-91.40332146,36.68672248
2100,"Haines Borough, AK",19,18,"$41,984",0.86,51,2,2 : 1,-135.5024208,59.11793896
6091,"Sierra County, CA",19,14,"$96,512",0.65,42,1,1 : 1,-120.5162324,39.58019892
40003,"Alfalfa County, OK",19,4,"$38,000",0.22,41,0,1 : 1,-98.32176345,36.73091839
27011,"Big Stone County, MN",19,13,"$78,593",0.41,40,1,1 : 1,-96.41134505,45.42651259
13309,"Wheeler County, GA",19,4,"$195,000",0.20,25,0,1 : 1,-82.72430717,32.11657577
20129,"Morton County, KS",19,3,Insf. Data,0.19,22,0,8 : 1,-101.7992367,37.19140392
46073,"Jerauld County, SD",19,8,"$65,792",0.71,22,1,2 : 1,-98.62965972,44.06637798
8057,"Jackson County, CO",19,11,"$67,840",0.37,20,1,2 : 1,-106.3427076,40.66623861
20017,"Chase County, KS",19,3,Insf. Data,0.33,18,0,1 : 1,-96.59423335,38.30203945
13307,"Webster County, GA",19,3,"$109,200",0.50,11,0,2 : 1,-84.55001221,32.04630599
30051,"Liberty County, MT",19,9,"$38,709",0.81,8,1,2 : 1,-111.0252038,48.56122467
50999,"[Vermont, county not reported]",19,87,"$84,992",1.89,0,7,1 : 1,#N/A,#N/A
54107,"Wood County, WV",18,359,"$109,952",0.68,"1,951",30,2 : 1,-81.51490057,39.21127634
54099,"Wayne County, WV",18,146,"$69,504",0.97,"1,662",12,2 : 1,-82.42685819,38.14585251
42111,"Somerset County, PA",18,305,"$78,080",1.04,897,25,1 : 1,-79.02838302,39.9723843
51790,"Staunton City County, VA",18,127,"$88,960",0.51,823,11,2 : 1,-79.05960219,38.15909322
42099,"Perry County, PA",18,66,"$40,576",0.38,787,6,1 : 1,-77.2618726,40.39865716
51171,"Shenandoah County, VA",18,69,"$62,208",0.37,750,6,1 : 1,-78.57113544,38.85827071
51067,"Franklin County, VA",18,40,"$72,960",0.22,695,3,1 : 1,-79.88106371,36.99189661
51033,"Caroline County, VA",18,209,"$100,224",0.85,691,17,1 : 1,-77.34662195,38.02701807
55085,"Oneida County, WI",18,83,"$47,360",0.40,675,7,1 : 1,-89.52161421,45.70521979
18065,"Henry County, IN",18,56,"$50,048",0.19,625,5,2 : 1,-85.39654344,39.93112507
54055,"Mercer County, WV",18,139,"$72,576",0.52,589,12,2 : 1,-81.11147554,37.40564762
51023,"Botetourt County, VA",18,106,"$46,848",0.72,564,9,1 : 1,-79.8119662,37.5570231
51031,"Campbell County, VA",18,51,"$85,248",0.48,542,4,2 : 1,-79.09657032,37.20561193
8029,"Delta County, CO",18,48,"$72,960",0.39,468,4,1 : 1,-107.8629449,38.86135647
19123,"Mahaska County, IA",18,142,"$77,568",0.62,393,12,1 : 1,-92.64083907,41.33521502
51193,"Westmoreland County, VA",18,29,"$65,920",0.87,378,2,1 : 1,-76.80178124,38.11166934
51173,"Smyth County, VA",18,227,"$90,496",0.90,373,19,2 : 1,-81.53692387,36.84393147
36097,"Schuyler County, NY",18,21,"$60,672",0.29,368,2,1 : 1,-76.8749143,42.39369114
13069,"Coffee County, GA",18,73,"$66,762",0.45,307,6,2 : 1,-82.84967311,31.54918005
39053,"Gallia County, OH",18,59,"$75,008",0.44,293,5,1 : 1,-82.31692618,38.82476088
47131,"Obion County, TN",18,28,"$43,520",0.31,286,2,2 : 1,-89.1487146,36.35824874
39079,"Jackson County, OH",18,50,"$75,136",0.51,268,4,1 : 1,-82.61832518,39.01971543
53049,"Pacific County, WA",18,25,"$85,248",0.36,264,2,1 : 1,-123.7057228,46.55547971
19087,"Henry County, IA",18,26,"$33,920",0.21,258,2,1 : 1,-91.54434433,40.98760854
26079,"Kalkaska County, MI",18,22,"$75,000",0.40,243,2,2 : 1,-85.0904614,44.68488514
51071,"Giles County, VA",18,70,"$94,976",0.60,222,6,1 : 1,-80.70422242,37.31404444
21115,"Johnson County, KY",18,39,"$43,264",0.63,212,3,1 : 1,-82.831038,37.84737334
51035,"Carroll County, VA",18,27,"$41,600",0.30,211,2,1 : 1,-80.73317673,36.73130704
13169,"Jones County, GA",18,37,"$115,200",0.34,209,3,3 : 1,-83.56057299,33.0254599
19171,"Tama County, IA",18,118,"$55,296",0.72,198,10,2 : 1,-92.53266945,42.07991767
18125,"Pike County, IN",18,32,"$100,000",0.51,158,3,2 : 1,-87.2323432,38.39848154
47139,"Polk County, TN",18,43,"$47,616",0.86,158,4,2 : 1,-84.52298798,35.11993556
17127,"Massac County, IL",18,44,Insf. Data,0.86,150,4,3 : 1,-88.70754316,37.21923954
48379,"Rains County, TX",18,33,"$30,160",0.66,146,3,1 : 1,-95.79355891,32.87032705
48389,"Reeves County, TX",18,110,"$119,808",0.81,138,9,2 : 1,-103.6930786,31.32283311
13075,"Cook County, GA",18,21,"$76,250",0.53,136,2,3 : 1,-83.43069759,31.15408665
21123,"Larue County, KY",18,6,"$79,471",0.12,135,1,2 : 1,-85.69858421,37.54557718
48489,"Willacy County, TX",18,15,Insf. Data,0.20,115,1,2 : 1,-97.65724482,26.47040624
6049,"Modoc County, CA",18,47,"$56,064",0.54,113,4,2 : 1,-120.7251192,41.58969344
40099,"Murray County, OK",18,12,"$46,201",0.20,111,1,2 : 1,-97.06798798,34.48236468
26001,"Alcona County, MI",18,6,"$58,624",0.32,109,1,1 : 1,-83.59385271,44.68477825
16009,"Benewah County, ID",18,35,"$47,232",0.69,105,3,1 : 1,-116.6586207,47.21772961
12029,"Dixie County, FL",18,7,"$32,760",0.19,90,1,1 : 1,-83.15870461,29.60806814
21135,"Lewis County, KY",18,4,Insf. Data,0.22,89,0,1 : 1,-83.37804652,38.53155019
21159,"Martin County, KY",18,25,"$57,856",1.09,89,2,2 : 1,-82.51414497,37.80090718
51036,"Charles City County, VA",18,29,"$55,424",0.81,87,2,1 : 1,-77.06179476,37.35669644
54109,"Wyoming County, WV",18,105,"$95,255",2.46,83,9,2 : 1,-81.54940333,37.60951977
28111,"Perry County, MS",18,34,"$40,960",1.49,80,3,2 : 1,-88.9925273,31.17209382
18161,"Union County, IN",18,4,"$101,920",0.12,78,0,1 : 1,-84.9249309,39.62515829
55001,"Adams County, WI",18,19,"$79,616",0.75,75,2,1 : 1,-89.77038616,43.96955395
20137,"Norton County, KS",18,4,"$54,098",0.16,72,0,2 : 1,-99.90284946,39.78448106
48131,"Duval County, TX",18,12,Insf. Data,0.65,71,1,1 : 1,-98.50873333,27.68142846
51097,"King and Queen County, VA",18,8,"$47,840",0.35,62,1,1 : 1,-76.8965089,37.71951331
20201,"Washington County, KS",18,12,"$71,424",0.64,61,1,1 : 1,-97.08751558,39.78417855
13249,"Schley County, GA",18,2,"$65,000",0.20,49,0,1 : 1,-84.31547114,32.26331654
47095,"Lake County, TN",18,4,"$65,000",0.13,39,0,2 : 1,-89.49340328,36.33529914
20007,"Barber County, KS",18,2,"$100,000",0.13,38,0,1 : 1,-98.68457457,37.22893536
31083,"Harlan County, NE",18,3,"$47,486",0.08,31,0,1 : 1,-99.40436605,40.17656663
48107,"Crosby County, TX",18,3,Insf. Data,0.17,28,0,2 : 1,-101.3000364,33.61431553
31029,"Chase County, NE",18,8,"$69,376",0.40,27,1,1 : 1,-101.6979407,40.52371008
31133,"Pawnee County, NE",18,3,"$69,500",0.28,16,0,1 : 1,-96.23706382,40.13139323
48447,"Throckmorton County, TX",18,1,Insf. Data,0.35,5,0,1 : 1,-99.21226795,33.17751417
42051,"Fayette County, PA",17,576,"$68,480",0.66,"1,948",48,2 : 1,-79.64746996,39.91984935
54049,"Marion County, WV",17,334,"$99,200",1.19,"1,232",28,2 : 1,-80.24323834,39.51008055
39167,"Washington County, OH",17,320,"$75,008",0.83,"1,092",27,2 : 1,-81.49547648,39.45557887
36105,"Sullivan County, NY",17,89,"$64,000",0.34,798,7,1 : 1,-74.7681497,41.71624399
39145,"Scioto County, OH",17,117,"$48,640",0.45,726,10,2 : 1,-82.99326888,38.80404083
47099,"Lawrence County, TN",17,73,"$49,664",0.52,508,6,2 : 1,-87.39523632,35.21729152
54019,"Fayette County, WV",17,149,"$64,384",0.96,423,12,2 : 1,-81.08105939,38.02876546
54025,"Greenbrier County, WV",17,116,"$63,616",0.73,345,10,2 : 1,-80.45282888,37.94721189
49013,"Duchesne County, UT",17,28,"$37,504",0.34,339,2,1 : 1,-110.4255449,40.29770877
26101,"Manistee County, MI",17,61,"$74,496",0.60,325,5,2 : 1,-86.05635345,44.33345321
54083,"Randolph County, WV",17,155,"$61,056",0.86,320,13,1 : 1,-79.87549565,38.77500824
54097,"Upshur County, WV",17,92,"$65,792",0.91,276,8,2 : 1,-80.23353247,38.8978057
22009,"Avoyelles Parish, LA",17,19,"$85,248",0.16,275,2,1 : 1,-92.001673,31.07634786
49029,"Morgan County, UT",17,34,"$64,768",0.92,269,3,1 : 1,-111.5734451,41.08889094
1059,"Franklin County, AL",17,22,"$54,528",0.13,251,2,2 : 1,-87.843283,34.44238135
31131,"Otoe County, NE",17,188,"$77,696",0.59,234,16,2 : 1,-96.1350641,40.64856103
54027,"Hampshire County, WV",17,52,"$33,408",0.91,211,4,2 : 1,-78.61389875,39.31712105
54045,"Logan County, WV",17,118,"$85,280",0.81,208,10,2 : 1,-81.9351906,37.8319353
51580,"Covington City County, VA",17,51,"$43,264",0.79,206,4,1 : 1,-79.98671944,37.77830014
54053,"Mason County, WV",17,79,"$105,344",1.22,200,7,1 : 1,-82.02651429,38.7698088
26129,"Ogemaw County, MI",17,22,"$48,384",0.15,196,2,1 : 1,-84.12710722,44.33486043
13001,"Appling County, GA",17,30,"$124,416",0.60,183,3,1 : 1,-82.28874491,31.749434
8105,"Rio Grande County, CO",17,26,"$55,040",0.62,181,2,2 : 1,-106.3829289,37.58223621
25019,"Nantucket County, MA",17,20,"$87,040",0.14,179,2,1 : 1,-70.07344074,41.28422779
42057,"Fulton County, PA",17,74,"$52,480",1.40,167,6,1 : 1,-78.11276349,39.92545432
48165,"Gaines County, TX",17,21,"$160,000",0.51,166,2,1 : 1,-102.6353739,32.74057746
40077,"Latimer County, OK",17,32,"$30,720",0.49,129,3,1 : 1,-95.25098995,34.87639948
41025,"Harney County, OR",17,40,"$52,480",1.20,129,3,2 : 1,-118.9679625,43.06361843
20011,"Bourbon County, KS",17,24,"$65,684",0.43,127,2,1 : 1,-94.84924767,37.85500237
49025,"Kane County, UT",17,12,"$53,504",0.33,127,1,1 : 1,-111.8879757,37.28527775
49015,"Emery County, UT",17,21,"$94,976",0.64,126,2,2 : 1,-110.7004925,38.99637448
54059,"Mingo County, WV",17,55,Insf. Data,1.81,118,5,2 : 1,-82.13519084,37.72729194
1027,"Clay County, AL",17,10,"$87,000",0.22,117,1,1 : 1,-85.8607443,33.26966941
1041,"Crenshaw County, AL",17,15,"$30,336",0.24,117,1,2 : 1,-86.31341907,31.73169775
21133,"Letcher County, KY",17,14,"$48,128",0.48,113,1,1 : 1,-82.85515105,37.12125569
51530,"Buena Vista City County, VA",17,19,"$159,354",0.49,100,2,5 : 1,-79.35459481,37.73052263
46047,"Fall River County, SD",17,35,"$60,544",0.49,93,3,2 : 1,-103.5274481,43.23917478
39163,"Vinton County, OH",17,21,"$38,144",1.69,86,2,1 : 1,-82.48545415,39.25106486
47181,"Wayne County, TN",17,19,"$120,064",0.54,74,2,2 : 1,-87.78755065,35.24027258
16071,"Oneida County, ID",17,2,Insf. Data,0.57,73,0,3 : 1,-112.5395749,42.19490877
26131,"Ontonagon County, MI",17,7,"$109,056",0.27,69,1,1 : 1,-89.31491201,46.66430808
13093,"Dooly County, GA",17,11,"$27,520",0.28,66,1,3 : 1,-83.79901736,32.15728777
49001,"Beaver County, UT",17,11,"$88,393",0.59,62,1,1 : 1,-113.2353778,38.35770202
31099,"Kearney County, NE",17,20,"$50,432",0.44,59,2,1 : 1,-98.94803186,40.50675437
5101,"Newton County, AR",17,5,"$36,015",0.17,48,0,1 : 1,-93.2178649,35.91979049
2275,"Wrangell City and Borough, AK",17,43,"$84,736",1.17,43,4,2 : 1,-132.0310434,56.32537949
28157,"Wilkinson County, MS",17,4,"$85,467",0.20,38,0,1 : 1,-91.3114768,31.16072415
21057,"Cumberland County, KY",17,3,"$59,794",0.26,34,0,1 : 1,-85.38857248,36.78661047
31181,"Webster County, NE",17,4,"$32,698",0.21,23,0,1 : 1,-98.50021623,40.17643706
13007,"Baker County, GA",17,29,"$132,992",1.13,17,2,1 : 1,-84.44486551,31.32631349
51820,"Waynesboro City County, VA",16,53,"$62,336",0.31,754,4,1 : 1,-78.90109101,38.06830271
39013,"Belmont County, OH",16,265,"$75,136",0.70,657,22,2 : 1,-80.98861998,40.01576203
53047,"Okanogan County, WA",16,77,"$57,600",0.45,503,6,1 : 1,-119.7406032,48.54862984
39059,"Guernsey County, OH",16,199,"$72,960",0.65,498,17,1 : 1,-81.49400106,40.05191963
21235,"Whitley County, KY",16,41,"$85,248",0.22,461,3,1 : 1,-84.14488393,36.75824851
24023,"Garrett County, MD",16,141,"$68,352",0.61,399,12,1 : 1,-79.27376451,39.52849306
54057,"Mineral County, WV",16,181,"$85,248",1.53,387,15,2 : 1,-78.94327353,39.41464251
51197,"Wythe County, VA",16,116,"$71,552",0.36,369,10,1 : 1,-81.07803317,36.91686677
54035,"Jackson County, WV",16,145,"$109,824",1.37,363,12,1 : 1,-81.674543,38.83443006
21089,"Greenup County, KY",16,37,"$37,120",0.65,328,3,1 : 1,-82.92215371,38.5461641
51113,"Madison County, VA",16,37,"$65,000",1.37,250,3,2 : 1,-78.27950884,38.41366284
51141,"Patrick County, VA",16,23,"$77,568",0.31,204,2,1 : 1,-80.28481637,36.67809987
5113,"Polk County, AR",16,12,"$27,040",0.18,200,1,2 : 1,-94.2279123,34.48595315
54009,"Brooke County, WV",16,69,"$63,744",0.83,194,6,1 : 1,-80.57654665,40.27385743
12059,"Holmes County, FL",16,11,"$45,312",0.24,186,1,1 : 1,-85.81424864,30.86794622
39105,"Meigs County, OH",16,75,"$113,920",0.71,179,6,1 : 1,-82.02295352,39.08233336
27001,"Aitkin County, MN",16,17,"$43,264",0.35,172,1,2 : 1,-93.4156134,46.60787445
17181,"Union County, IL",16,33,"$72,960",0.52,143,3,2 : 1,-89.25435617,37.47114082
54005,"Boone County, WV",16,103,"$160,512",1.62,140,9,2 : 1,-81.71114668,38.02264875
13321,"Worth County, GA",16,5,"$36,400",0.16,135,0,1 : 1,-83.8509648,31.55124636
16035,"Clearwater County, ID",16,25,"$37,376",0.60,134,2,1 : 1,-115.656021,46.67349275
45065,"McCormick County, SC",16,13,"$33,408",0.30,123,1,2 : 1,-82.30961363,33.89941841
51037,"Charlotte County, VA",16,7,"$61,068",0.31,109,1,1 : 1,-78.66167401,37.0117581
19093,"Ida County, IA",16,15,"$40,704",0.30,96,1,2 : 1,-95.51355387,42.38696136
47169,"Trousdale County, TN",16,19,"$31,104",0.23,94,2,2 : 1,-86.15630295,36.39236244
48501,"Yoakum County, TX",16,21,"$114,176",0.67,93,2,1 : 1,-102.8279472,33.1730387
19185,"Wayne County, IA",16,15,"$60,160",0.71,89,1,1 : 1,-93.32744042,40.73965649
49017,"Garfield County, UT",16,7,"$53,504",0.24,84,1,1 : 1,-111.4425093,37.85511631
31101,"Keith County, NE",16,28,"$73,984",0.39,81,2,1 : 1,-101.6614388,41.19906619
50009,"Essex County, VT",16,9,"$31,200",0.73,78,1,2 : 1,-71.736327,44.7283185
16037,"Custer County, ID",16,28,"$59,392",1.49,76,2,1 : 1,-114.2816427,44.24147306
38031,"Foster County, ND",16,28,"$80,000",0.81,58,2,2 : 1,-98.88279923,47.4571084
13167,"Johnson County, GA",16,3,Insf. Data,0.20,55,0,1 : 1,-82.66017474,32.70148912
26135,"Oscoda County, MI",16,5,"$41,600",0.21,52,0,1 : 1,-84.12938765,44.68170135
13155,"Irwin County, GA",16,3,"$90,000",0.17,50,0,2 : 1,-83.2762524,31.60235727
16023,"Butte County, ID",16,10,"$59,648",1.55,49,1,1 : 1,-113.1719663,43.72266581
26095,"Luce County, MI",16,9,"$48,512",0.21,45,1,1 : 1,-85.54389048,46.4704998
40033,"Cotton County, OK",16,9,"$72,818",0.25,44,1,2 : 1,-98.37225719,34.2900592
29035,"Carter County, MO",16,9,"$46,080",0.87,34,1,1 : 1,-90.96231959,36.94111292
37177,"Tyrrell County, NC",16,6,"$103,300",0.35,34,1,1 : 1,-76.20702207,35.81805644
20047,"Edwards County, KS",16,9,Insf. Data,0.69,27,1,3 : 1,-99.31204845,37.88763961
38037,"Grant County, ND",16,11,"$50,432",1.20,20,1,2 : 1,-101.6397779,46.35813751
46105,"Perkins County, SD",16,6,"$59,904",0.66,15,1,2 : 1,-102.4744037,45.49024355
20065,"Graham County, KS",16,6,"$33,280",0.75,14,1,2 : 1,-99.88334471,39.34986711
46095,"Mellette County, SD",16,3,"$116,188",1.06,7,0,1 : 1,-100.7598474,43.58135895
51015,"Augusta County, VA",15,126,"$60,032",0.37,817,11,2 : 1,-79.13408568,38.16483645
6093,"Siskiyou County, CA",15,79,"$67,840",0.35,680,7,1 : 1,-122.5405164,41.59272613
51065,"Fluvanna County, VA",15,166,"$120,576",1.29,644,14,1 : 1,-78.27765024,37.84216441
42059,"Greene County, PA",15,225,"$52,096",0.91,476,19,1 : 1,-80.22298108,39.85389048
21205,"Rowan County, KY",15,61,"$41,472",0.40,451,5,1 : 1,-83.42085187,38.19625131
13291,"Union County, GA",15,21,"$52,096",0.29,359,2,2 : 1,-83.99038243,34.83375049
54077,"Preston County, WV",15,84,"$107,904",0.75,317,7,1 : 1,-79.6682145,39.46929522
6051,"Mono County, CA",15,69,"$62,208",0.49,275,6,2 : 1,-118.8872447,37.93940061
28115,"Pontotoc County, MS",15,32,"$56,064",0.50,253,3,2 : 1,-89.03719509,34.22521097
18045,"Fountain County, IN",15,48,"$75,648",0.39,237,4,1 : 1,-87.24192118,40.12120145
41001,"Baker County, OR",15,90,"$43,008",0.85,225,8,2 : 1,-117.6755473,44.70919815
35027,"Lincoln County, NM",15,20,"$45,312",0.15,220,2,1 : 1,-105.4585461,33.74510826
54041,"Lewis County, WV",15,98,"$72,064",1.11,215,8,2 : 1,-80.50213826,38.99603963
22003,"Allen Parish, LA",15,31,"$84,736",0.38,210,3,1 : 1,-92.82796914,30.65238675
51063,"Floyd County, VA",15,19,"$87,500",0.52,209,2,1 : 1,-80.36184172,36.93162812
48225,"Houston County, TX",15,19,"$51,200",0.31,202,2,1 : 1,-95.42200282,31.31764204
54067,"Nicholas County, WV",15,150,"$76,032",1.44,200,13,1 : 1,-80.79999513,38.2918799
6105,"Trinity County, CA",15,31,"$45,568",0.84,190,3,1 : 1,-123.1126773,40.65059444
54065,"Morgan County, WV",15,17,"$39,417",0.47,174,1,1 : 1,-78.25701555,39.5606152
16049,"Idaho County, ID",15,58,"$37,376",0.90,173,5,1 : 1,-115.4671964,45.84388002
51011,"Appomattox County, VA",15,13,"$40,576",0.28,171,1,1 : 1,-78.81172877,37.37242345
17159,"Richland County, IL",15,18,"$57,856",0.19,163,2,1 : 1,-88.08560224,38.71228739
19165,"Shelby County, IA",15,14,"$59,904",0.12,152,1,2 : 1,-95.31015553,41.6850066
53059,"Skamania County, WA",15,15,"$46,848",0.29,150,1,1 : 1,-121.9148915,46.02280969
37043,"Clay County, NC",15,6,Insf. Data,0.19,149,1,2 : 1,-83.75018218,35.05771746
27023,"Chippewa County, MN",15,28,"$54,784",0.40,145,2,1 : 1,-95.56698141,45.0223965
39067,"Harrison County, OH",15,50,"$75,008",0.71,138,4,1 : 1,-81.09149874,40.29356193
54031,"Hardy County, WV",15,80,"$51,456",1.14,138,7,1 : 1,-78.85797558,39.00759684
54063,"Monroe County, WV",15,56,"$84,695",2.01,136,5,1 : 1,-80.55052779,37.5604155
54001,"Barbour County, WV",15,31,Insf. Data,0.87,132,3,2 : 1,-80.00360456,39.13281051
35007,"Colfax County, NM",15,12,"$55,936",0.17,126,1,2 : 1,-104.6468731,36.60619925
51157,"Rappahannock County, VA",15,"1,063","$127,744",2.20,117,89,1 : 1,-78.15943614,38.68461794
54043,"Lincoln County, WV",15,58,Insf. Data,1.91,117,5,2 : 1,-82.07055835,38.17536985
26003,"Alger County, MI",15,27,"$75,008",0.74,108,2,1 : 1,-86.60408109,46.40902031
39115,"Morgan County, OH",15,22,"$69,888",1.21,100,2,1 : 1,-81.85284727,39.62071306
51027,"Buchanan County, VA",15,60,"$124,928",0.82,99,5,2 : 1,-82.03580207,37.26641332
20003,"Anderson County, KS",15,16,Insf. Data,0.39,98,1,2 : 1,-95.29324204,38.21396508
1037,"Coosa County, AL",15,4,"$81,831",0.19,96,0,1 : 1,-86.24789409,32.9362956
54075,"Pocahontas County, WV",15,104,"$46,160",1.29,93,9,1 : 1,-80.00762338,38.33190977
16007,"Bear Lake County, ID",15,7,"$47,840",0.69,92,1,1 : 1,-111.3294847,42.28476453
21231,"Wayne County, KY",15,5,"$130,000",0.13,92,0,2 : 1,-84.8286438,36.80107637
21127,"Lawrence County, KY",15,22,"$100,000",0.70,90,2,1 : 1,-82.73464321,38.06766833
28155,"Webster County, MS",15,5,"$106,368",0.27,90,0,1 : 1,-89.28510404,33.61326385
39111,"Monroe County, OH",15,61,"$75,000",1.53,88,5,2 : 1,-81.08267492,39.72753365
20095,"Kingman County, KS",15,28,"$37,440",0.94,79,2,1 : 1,-98.13639393,37.55911415
51005,"Alleghany County, VA",15,62,"$90,368",1.02,79,5,1 : 1,-80.00761323,37.78778327
42113,"Sullivan County, PA",15,6,"$55,808",0.23,75,1,1 : 1,-76.51238042,41.44598276
32021,"Mineral County, NV",15,11,"$58,112",0.36,71,1,1 : 1,-118.4346446,38.53880917
16061,"Lewis County, ID",15,8,"$72,960",0.83,67,1,1 : 1,-116.4267621,46.2366682
51017,"Bath County, VA",15,31,Insf. Data,0.48,60,3,1 : 1,-79.74123354,38.05836054
54021,"Gilmer County, WV",15,80,"$34,432",1.81,59,7,1 : 1,-80.85664593,38.92492424
54073,"Pleasants County, WV",15,23,"$77,568",1.26,59,2,1 : 1,-81.1606194,39.37099538
54013,"Calhoun County, WV",15,65,"$37,524",3.54,53,5,2 : 1,-81.11738243,38.84382602
54015,"Clay County, WV",15,124,"$88,400",3.76,52,10,2 : 1,-81.07502287,38.46270857
20145,"Pawnee County, KS",15,8,"$104,000",0.26,51,1,6 : 1,-99.23682021,38.18106307
30097,"Sweet Grass County, MT",15,15,"$39,520",0.53,48,1,3 : 1,-109.939664,45.813756
29087,"Holt County, MO",15,7,"$62,080",0.21,42,1,1 : 1,-95.21504754,40.0944922
54017,"Doddridge County, WV",15,26,"$67,383",1.74,39,2,2 : 1,-80.70721363,39.26936104
31123,"Morrill County, NE",15,4,Insf. Data,0.31,38,0,3 : 1,-103.0105871,41.7164533
54105,"Wirt County, WV",15,35,Insf. Data,2.85,38,3,1 : 1,-81.37885705,39.02235059
13283,"Treutlen County, GA",15,5,"$37,971",0.42,37,0,1 : 1,-82.56783271,32.40331611
48267,"Kimble County, TX",15,11,Insf. Data,0.61,34,1,1 : 1,-99.74856473,30.48678918
54101,"Webster County, WV",15,68,Insf. Data,2.13,34,6,2 : 1,-80.4218655,38.49472856
46129,"Walworth County, SD",15,24,"$42,240",1.09,33,2,2 : 1,-100.0313401,45.42998641
8009,"Baca County, CO",15,7,"$37,376",0.37,29,1,1 : 1,-102.5601186,37.31923997
20109,"Logan County, KS",15,9,"$60,000",0.59,22,1,2 : 1,-101.148475,38.91735806
48229,"Hudspeth County, TX",15,7,"$53,699",0.95,18,1,1 : 1,-105.3871487,31.4564022
20135,"Ness County, KS",15,1,"$49,199",0.08,14,0,2 : 1,-99.91547333,38.47974157
31071,"Garfield County, NE",15,2,"$57,726",0.34,14,0,1 : 1,-98.99111827,41.91428955
20203,"Wichita County, KS",15,4,Insf. Data,0.42,13,0,1 : 1,-101.3471509,38.48178252
46021,"Campbell County, SD",15,13,"$36,400",1.16,13,1,3 : 1,-100.0517394,45.77126363
48433,"Stonewall County, TX",15,3,Insf. Data,1.49,10,0,1 : 1,-100.2538401,33.17906744
47077,"Henderson County, TN",14,29,"$53,248",0.47,323,2,1 : 1,-88.38771258,35.65381663
54051,"Marshall County, WV",14,94,"$31,616",0.69,277,8,1 : 1,-80.66340417,39.86038842
39073,"Hocking County, OH",14,35,"$61,184",0.33,270,3,1 : 1,-82.47907934,39.49712923
16085,"Valley County, ID",14,63,"$46,336",0.75,222,5,1 : 1,-115.5662454,44.76650867
13267,"Tattnall County, GA",14,4,"$44,911",0.07,210,0,1 : 1,-82.05794341,32.04578293
5047,"Franklin County, AR",14,37,"$72,448",0.40,210,3,2 : 1,-93.89070916,35.51229968
12045,"Gulf County, FL",14,20,"$60,032",0.44,174,2,1 : 1,-85.23056011,29.95068747
21183,"Ohio County, KY",14,16,"$70,000",0.17,169,1,1 : 1,-86.84842961,37.47818665
21221,"Trigg County, KY",14,7,"$38,288",0.15,165,1,1 : 1,-87.87327174,36.80638303
56003,"Big Horn County, WY",14,32,"$54,272",0.50,154,3,2 : 1,-107.9948912,44.52636084
13191,"McIntosh County, GA",14,12,"$73,472",0.31,147,1,1 : 1,-81.40719089,31.49489855
5105,"Perry County, AR",14,4,"$32,240",0.12,118,0,2 : 1,-92.93150636,34.947251
16043,"Fremont + Yellowstone Park County, ID",14,5,"$33,800",0.18,114,0,2 : 1,-111.4821032,44.22898675
54087,"Roane County, WV",14,51,Insf. Data,1.70,114,4,1 : 1,-81.34822568,38.71393058
22021,"Caldwell Parish, LA",14,18,"$76,032",1.22,101,2,1 : 1,-92.11667519,32.09226466
21051,"Clay County, KY",14,14,"$46,336",0.33,96,1,1 : 1,-83.71435179,37.15962402
54085,"Ritchie County, WV",14,67,"$45,583",1.80,95,6,1 : 1,-81.06312621,39.17806062
54007,"Braxton County, WV",14,82,"$49,199",1.66,87,7,2 : 1,-80.71925498,38.70024736
47087,"Jackson County, TN",14,3,"$36,000",0.37,84,0,1 : 1,-85.67355848,36.35953777
30099,"Teton County, MT",14,13,"$126,720",1.47,74,1,1 : 1,-112.2407056,47.83722455
48077,"Clay County, TX",14,17,"$124,928",0.40,72,1,3 : 1,-98.20837415,33.78558981
54093,"Tucker County, WV",14,42,"$95,488",1.58,68,4,2 : 1,-79.56567428,39.11375036
30061,"Mineral County, MT",14,5,"$34,466",0.33,67,0,1 : 1,-114.9981923,47.1472918
54071,"Pendleton County, WV",14,52,"$39,168",2.95,67,4,1 : 1,-79.35069018,38.68040465
16003,"Adams County, ID",14,11,"$37,376",1.38,64,1,2 : 1,-116.4539483,44.88931492
48405,"San Augustine County, TX",14,5,"$33,800",0.30,53,0,2 : 1,-94.16790044,31.39477071
13315,"Wilcox County, GA",14,2,Insf. Data,0.13,46,0,1 : 1,-83.43204775,31.97280479
40053,"Grant County, OK",14,9,"$88,000",0.95,44,1,1 : 1,-97.78493404,36.79651364
46115,"Spink County, SD",14,65,"$69,888",1.19,44,5,1 : 1,-98.34623659,44.93824835
48417,"Shackelford County, TX",14,8,"$33,800",0.39,31,1,1 : 1,-99.35401337,32.73587756
47109,"McNairy County, TN",13,20,"$28,080",0.41,288,2,1 : 1,-88.56332928,35.17583563
51125,"Nelson County, VA",13,34,"$120,064",0.68,288,3,1 : 1,-78.88692463,37.7874546
30053,"Lincoln County, MT",13,27,"$47,104",0.43,258,2,2 : 1,-115.4051151,48.54246989
27075,"Lake County, MN",13,22,"$33,342",0.40,195,2,1 : 1,-91.44445826,47.64037177
20131,"Nemaha County, KS",13,21,"$49,199",0.61,193,2,2 : 1,-96.01393095,39.78343169
54103,"Wetzel County, WV",13,78,"$51,072",1.09,182,7,1 : 1,-80.63834457,39.60550303
30089,"Sanders County, MT",13,25,"$34,432",0.60,135,2,1 : 1,-115.1333094,47.67490166
53043,"Lincoln County, WA",13,41,"$43,008",0.61,121,3,2 : 1,-118.4186556,47.57605403
48253,"Jones County, TX",13,6,"$100,000",0.07,95,1,1 : 1,-99.87871324,32.7400927
19135,"Monroe County, IA",13,5,"$47,643",0.16,89,0,1 : 1,-92.8690667,41.02988815
39121,"Noble County, OH",13,44,"$87,500",0.82,84,4,1 : 1,-81.45612561,39.7660752
54095,"Tyler County, WV",13,52,"$79,104",1.74,77,4,1 : 1,-80.88510513,39.46568
8109,"Saguache County, CO",13,2,"$43,409",0.44,67,0,1 : 1,-106.2809773,38.08034572
38073,"Ransom County, ND",13,15,"$45,056",0.37,62,1,2 : 1,-97.65742504,46.45621782
29075,"Gentry County, MO",13,8,"$41,088",0.34,57,1,3 : 1,-94.4096279,40.21170604
46109,"Roberts County, SD",13,23,"$48,384",0.58,54,2,2 : 1,-96.94614272,45.62977349
31011,"Boone County, NE",13,12,"$77,343",0.29,51,1,1 : 1,-98.06703102,41.7067951
51045,"Craig County, VA",13,10,"$47,351",1.22,51,1,1 : 1,-80.21218409,37.48141832
20207,"Woodson County, KS",13,2,Insf. Data,0.44,32,0,2 : 1,-95.74071995,37.88668091
48153,"Floyd County, TX",13,15,"$86,272",0.56,29,1,2 : 1,-101.3031546,34.07227468
35059,"Union County, NM",13,5,"$51,456",0.22,25,0,1 : 1,-103.4710696,36.48166105
51091,"Highland County, VA",13,21,Insf. Data,2.45,24,2,1 : 1,-79.56866954,38.36239367
20025,"Clark County, KS",13,4,Insf. Data,0.37,21,0,1 : 1,-99.8196146,37.23547247
38033,"Golden Valley County, ND",13,2,Insf. Data,0.18,14,0,1 : 1,-103.8465777,46.94026181
38011,"Bowman County, ND",13,5,"$54,080",0.27,13,0,1 : 1,-103.5205091,46.1127569
31073,"Gosper County, NE",13,5,Insf. Data,0.90,11,0,4 : 1,-99.83020279,40.51481965
48301,"Loving County, TX",13,13,Insf. Data,0.70,3,1,1 : 1,-103.5798367,31.8491553
27113,"Pennington County, MN",12,51,"$61,568",0.62,389,4,1 : 1,-96.03627453,48.0666771
22085,"Sabine Parish, LA",12,12,"$52,224",0.17,223,1,1 : 1,-93.55521453,31.56283023
21003,"Allen County, KY",12,52,"$119,808",0.89,203,4,2 : 1,-86.19069857,36.75097491
46019,"Butte County, SD",12,6,"$58,500",0.18,118,1,1 : 1,-103.507491,44.905694
1065,"Hale County, AL",12,4,"$162,500",0.12,116,0,2 : 1,-87.62930576,32.7625948
28051,"Holmes County, MS",12,22,"$82,035",0.42,99,2,1 : 1,-90.09171669,33.12367405
29133,"Mississippi County, MO",12,6,"$55,973",0.21,80,1,1 : 1,-89.29117001,36.82805484
31095,"Jefferson County, NE",12,10,"$74,000",0.28,68,1,2 : 1,-97.14261379,40.17580816
40075,"Kiowa County, OK",12,4,"$28,600",0.16,62,0,1 : 1,-98.98054865,34.91625162
30077,"Powell County, MT",12,5,"$67,840",0.15,55,0,2 : 1,-112.936294,46.85654866
29185,"St. Clair County, MO",12,3,"$54,528",0.17,51,0,1 : 1,-93.77593289,38.03729132
35003,"Catron County, NM",12,9,"$41,728",1.44,51,1,1 : 1,-108.4054839,33.91502948
46091,"Marshall County, SD",12,14,"$55,808",0.54,46,1,1 : 1,-97.59865421,45.75863325
46037,"Day County, SD",12,11,"$39,000",0.56,43,1,1 : 1,-97.60737593,45.36728275
46045,"Edmunds County, SD",12,12,"$47,616",0.87,36,1,1 : 1,-99.21540939,45.41847898
17069,"Hardin County, IL",12,5,"$66,560",0.74,16,0,1 : 1,-88.26669526,37.51807977
53055,"San Juan County, WA",11,13,"$67,840",0.24,337,1,1 : 1,-122.9534631,48.57856326
41015,"Curry County, OR",11,19,"$53,504",0.27,309,2,1 : 1,-124.1560919,42.45776177
55053,"Jackson County, WI",11,4,"$49,296",0.10,230,0,1 : 1,-90.80515334,44.31927005
8089,"Otero County, CO",11,15,"$47,744",0.25,197,1,1 : 1,-103.7166632,37.90245342
5127,"Scott County, AR",11,3,"$27,040",0.07,71,0,1 : 1,-94.06315729,34.86103868
30065,"Musselshell County, MT",11,4,"$39,500",0.19,39,0,2 : 1,-108.3975013,46.49659376
16025,"Camas County, ID",11,4,"$61,609",0.64,12,0,2 : 1,-114.8053772,43.46356926
40025,"Cimarron County, OK",11,2,Insf. Data,0.33,10,0,1 : 1,-102.5178111,36.74826632
13251,"Screven County, GA",10,7,"$47,643",0.32,156,1,1 : 1,-81.61169117,32.75107817
31065,"Furnas County, NE",10,6,"$61,824",0.26,46,1,2 : 1,-99.91249504,40.17646227
21153,"Magoffin County, KY",10,3,"$83,803",0.36,43,0,1 : 1,-83.06414674,37.7063116
13065,"Clinch County, GA",10,9,"$176,800",0.64,33,1,3 : 1,-82.7064204,30.91504263
48023,"Baylor County, TX",10,2,"$52,899",0.08,26,0,2 : 1,-99.21352901,33.61640794
29117,"Livingston County, MO",9,27,"$56,320",0.31,136,2,2 : 1,-93.54864835,39.78202789
21139,"Livingston County, KY",9,11,Insf. Data,0.67,106,1,4 : 1,-88.35351775,37.20997298
48351,"Newton County, TX",9,17,Insf. Data,0.54,77,1,2 : 1,-93.74533244,30.78564527
29181,"Ripley County, MO",9,2,"$79,471",0.14,70,0,1 : 1,-90.86381088,36.65269053
21007,"Ballard County, KY",9,6,Insf. Data,0.36,51,1,1 : 1,-88.99943791,37.05854425
2105,"Hoonah-Angoon Census Area, AK",9,15,"$60,160",0.37,46,1,1 : 1,-135.6386611,58.28575804
8023,"Costilla County, CO",9,23,"$114,432",1.70,41,2,1 : 1,-105.4278551,37.27823118
21039,"Carlisle County, KY",9,3,Insf. Data,0.50,39,0,1 : 1,-88.97055515,36.85297172
17003,"Alexander County, IL",9,10,"$57,780",0.49,35,1,1 : 1,-89.33759146,37.19162505
13107,"Emanuel County, GA",8,14,"$28,080",0.27,185,1,1 : 1,-82.30173104,32.58963191
22049,"Jackson Parish, LA",8,13,"$47,872",0.30,133,1,1 : 1,-92.55780791,32.30210344
22127,"Winn Parish, LA",8,16,"$85,248",0.31,80,1,2 : 1,-92.63657688,31.94438827
13289,"Twiggs County, GA",8,6,"$30,160",0.12,59,1,1 : 1,-83.42729345,32.66724559
30005,"Blaine County, MT",8,7,"$41,610",0.36,57,1,1 : 1,-108.9584002,48.43208097
45005,"Allendale County, SC",8,24,"$50,304",0.67,55,2,1 : 1,-81.35758839,32.98833364
29041,"Chariton County, MO",8,4,"$45,760",0.15,45,0,2 : 1,-92.96305582,39.51548794
21105,"Hickman County, KY",8,2,Insf. Data,0.18,28,0,1 : 1,-88.97605071,36.67806433
2230,"Skagway Municipality, AK",8,4,"$65,280",0.33,17,0,1 : 1,-135.3374592,59.55833766
13061,"Clay County, GA",8,3,"$79,500",0.06,13,0,1 : 1,-84.97811756,31.62573219
21207,"Russell County, KY",7,5,Insf. Data,0.23,146,0,5 : 1,-85.05838705,36.99115809
26153,"Schoolcraft County, MI",7,8,"$48,128",0.24,80,1,3 : 1,-86.19985664,46.19666734
1107,"Pickens County, AL",6,11,"$71,424",0.26,114,1,2 : 1,-88.08923504,33.28058298
31147,"Richardson County, NE",6,3,"$73,476",0.12,70,0,1 : 1,-95.71768995,40.12499676
21075,"Fulton County, KY",6,5,Insf. Data,0.23,38,0,1 : 1,-89.18729157,36.55403726
31125,"Nance County, NE",6,4,"$62,936",0.30,34,0,1 : 1,-97.99248173,41.3972847
20153,"Rawlins County, KS",6,10,"$36,920",0.69,29,1,2 : 1,-101.07618,39.78524494
37095,"Hyde County, NC",6,4,"$47,872",0.68,29,0,1 : 1,-76.24647047,35.51917533
47033,"Crockett County, TN",5,38,"$70,720",0.69,124,3,2 : 1,-89.13938582,35.81376271
40011,"Blaine County, OK",5,2,Insf. Data,0.06,69,0,2 : 1,-98.432652,35.87536168
31039,"Cuming County, NE",5,4,"$48,000",0.15,62,0,1 : 1,-96.78730772,41.91637624
20073,"Greenwood County, KS",5,2,Insf. Data,0.12,55,0,1 : 1,-96.23264864,37.87744513
31093,"Howard County, NE",5,5,"$86,000",0.30,36,0,1 : 1,-98.5166499,41.2200529
30039,"Granite County, MT",5,2,"$88,400",0.16,35,0,1 : 1,-113.4401981,46.40415824
32009,"Esmeralda County, NV",5,6,"$71,084",1.70,15,1,1 : 1,-117.632191,37.78456446
29155,"Pemiscot County, MO",4,5,"$44,720",0.12,77,0,1 : 1,-89.78539961,36.21131565
29081,"Harrison County, MO",4,2,Insf. Data,0.06,60,0,1 : 1,-93.99193402,40.35497608
19143,"Osceola County, IA",4,11,"$54,000",0.22,57,1,1 : 1,-95.62422758,43.37868127
31129,"Nuckolls County, NE",4,4,Insf. Data,0.15,25,0,1 : 1,-98.04739392,40.17636285
30107,"Wheatland County, MT",4,1,"$39,520",0.17,17,0,1 : 1,-109.8444012,46.46630385
48191,"Hall County, TX",4,3,"$135,000",0.24,14,0,1 : 1,-100.6813647,34.53073368
35021,"Harding County, NM",4,3,Insf. Data,1.86,6,0,1 : 1,-103.820322,35.85799759
31005,"Arthur County, NE",4,3,"$67,600",1.49,1,0,1 : 1,-101.6959559,41.56896142
13091,"Dodge County, GA",3,7,"$45,760",0.17,146,1,2 : 1,-83.16860598,32.17208946
20089,"Jewell County, KS",0,0,Insf. Data,Insf. Data,"3,078",0,0,-98.21822331,39.7847206
28073,"Lamar County, MS",0,12,"$48,384",0.33,371,1,2 : 1,-89.50870961,31.20573333
28031,"Covington County, MS",0,9,"$32,996",0.23,178,1,1 : 1,-89.55267845,31.6331285
28007,"Attala County, MS",0,4,Insf. Data,0.12,154,0,2 : 1,-89.58086337,33.08676427
13205,"Mitchell County, GA",0,8,Insf. Data,0.12,146,1,2 : 1,-84.19466894,31.22513235
13025,"Brantley County, GA",0,2,"$119,392",0.09,117,0,2 : 1,-81.98175207,31.19714296
21045,"Casey County, KY",0,0,Insf. Data,Insf. Data,98,0,0,-84.92860405,37.32208002
28147,"Walthall County, MS",0,3,"$85,467",0.19,94,0,1 : 1,-90.10601376,31.14823915
28097,"Montgomery County, MS",0,3,"$19,302",0.13,91,0,2 : 1,-89.61664559,33.49402718
1035,"Conecuh County, AL",0,2,"$47,553",0.06,90,0,2 : 1,-86.9938237,31.42899352
13043,"Candler County, GA",0,1,Insf. Data,0.04,83,0,2 : 1,-82.07387018,32.40345007
46039,"Deuel County, SD",0,7,"$84,500",0.55,83,1,1 : 1,-96.66802862,44.76015949
29153,"Ozark County, MO",0,0,Insf. Data,Insf. Data,80,0,0,-92.44469447,36.64922253
42023,"Cameron County, PA",0,11,"$55,808",1.36,80,1,1 : 1,-78.20384508,41.43674888
46057,"Hamlin County, SD",0,13,"$42,496",0.66,80,1,2 : 1,-97.18829593,44.67385954
47135,"Perry County, TN",0,0,Insf. Data,Insf. Data,80,0,0,-87.85894071,35.64313951
21109,"Jackson County, KY",0,0,Insf. Data,Insf. Data,78,0,0,-84.00617165,37.41979135
31121,"Merrick County, NE",0,43,"$55,168",0.47,78,4,1 : 1,-98.03760529,41.16916952
21055,"Crittenden County, KY",0,2,Insf. Data,0.21,77,0,3 : 1,-88.09694438,37.35257485
28041,"Greene County, MS",0,2,"$66,075",0.12,72,0,1 : 1,-88.63921416,31.21420839
31097,"Johnson County, NE",0,6,"$67,600",0.13,70,1,2 : 1,-96.26520163,40.39252282
28037,"Franklin County, MS",0,1,"$26,697",0.09,69,0,1 : 1,-90.89833873,31.47675129
13269,"Taylor County, GA",0,5,Insf. Data,0.14,67,0,9 : 1,-84.25102911,32.55610793
21171,"Monroe County, KY",0,0,Insf. Data,Insf. Data,67,0,0,-85.71679611,36.71217333
28065,"Jefferson Davis County, MS",0,9,Insf. Data,0.62,65,1,2 : 1,-89.82311087,31.56973198
21087,"Green County, KY",0,1,"$115,500",0.05,63,0,1 : 1,-85.55273508,37.26369627
30007,"Broadwater County, MT",0,1,Insf. Data,0.05,61,0,2 : 1,-111.4961534,46.33259261
29017,"Bollinger County, MO",0,0,Insf. Data,Insf. Data,58,0,0,-90.02562128,37.3219182
53069,"Wahkiakum County, WA",0,3,"$44,128",0.43,56,0,1 : 1,-123.4247601,46.292422
20127,"Morris County, KS",0,3,Insf. Data,0.17,55,0,4 : 1,-96.64983521,38.68742242
31143,"Polk County, NE",0,2,"$55,000",0.13,55,0,1 : 1,-97.56825226,41.18687055
36041,"Hamilton County, NY",0,2,"$160,000",0.21,54,0,1 : 1,-74.49745908,43.66134129
21119,"Knott County, KY",0,0,Insf. Data,Insf. Data,51,0,0,-82.95432904,37.35406197
48437,"Swisher County, TX",0,4,Insf. Data,0.10,49,0,2 : 1,-101.7349174,34.53028891
48195,"Hansford County, TX",0,3,"$75,000",0.31,43,0,1 : 1,-101.3545796,36.27743284
40007,"Beaver County, OK",0,7,"$120,000",0.84,42,1,1 : 1,-100.4765456,36.74966893
2158,"Kusilvak Census Area, AK",0,30,"$111,872",3.38,41,3,1 : 1,#N/A,#N/A
28069,"Kemper County, MS",0,2,Insf. Data,0.12,41,0,1 : 1,-88.64097868,32.75459457
29085,"Hickory County, MO",0,0,Insf. Data,Insf. Data,41,0,0,-93.32051495,37.94153217
35023,"Hidalgo County, NM",0,2,"$29,380",0.10,39,0,3 : 1,-108.7148057,31.91398466
40129,"Roger Mills County, OK",0,0,Insf. Data,Insf. Data,39,0,0,-99.69538847,35.68852706
47027,"Clay County, TN",0,0,Insf. Data,Insf. Data,38,0,0,-85.5429723,36.55111287
47067,"Hancock County, TN",0,0,Insf. Data,Insf. Data,38,0,0,-83.2217117,36.52355034
48385,"Real County, TX",0,0,Insf. Data,Insf. Data,38,0,0,-99.82222259,29.8324893
13003,"Atkinson County, GA",0,0,Insf. Data,Insf. Data,37,0,0,-82.88008089,31.29704319
1105,"Perry County, AL",0,4,"$123,000",0.14,36,0,2 : 1,-87.29424703,32.63859284
13201,"Miller County, GA",0,0,Insf. Data,Insf. Data,36,0,0,-84.73106803,31.16479534
13243,"Randolph County, GA",0,2,Insf. Data,0.09,36,0,2 : 1,-84.75379101,31.7621807
26083,"Keweenaw County, MI",0,3,"$41,600",1.03,36,0,1 : 1,-88.43593439,47.62662557
40055,"Greer County, OK",0,0,Insf. Data,Insf. Data,35,0,0,-99.56059648,34.93429868
21237,"Wolfe County, KY",0,0,Insf. Data,Insf. Data,34,0,0,-83.49332409,37.73906786
28009,"Benton County, MS",0,10,Insf. Data,0.72,32,1,2 : 1,-89.18844118,34.8172204
40029,"Coal County, OK",0,0,Insf. Data,Insf. Data,32,0,0,-96.29798747,34.58840127
48247,"Jim Hogg County, TX",0,2,Insf. Data,0.34,31,0,1 : 1,-98.69730012,27.04354651
48295,"Lipscomb County, TX",0,1,Insf. Data,0.14,31,0,1 : 1,-100.2732972,36.27778375
53023,"Garfield County, WA",0,1,"$69,444",0.20,30,0,2 : 1,-117.5446476,46.43130985
31135,"Perkins County, NE",0,2,Insf. Data,0.19,29,0,1 : 1,-101.6502998,40.85082266
46025,"Clark County, SD",0,5,Insf. Data,0.47,28,0,1 : 1,-97.72949102,44.8584651
20195,"Trego County, KS",0,4,"$33,280",0.81,27,0,2 : 1,-99.87284448,38.91467218
30045,"Judith Basin County, MT",0,1,Insf. Data,0.23,26,0,3 : 1,-110.2659877,47.04516111
48129,"Donley County, TX",0,0,Insf. Data,Insf. Data,26,0,0,-100.8140093,34.96517499
19003,"Adams County, IA",0,2,"$47,643",0.07,25,0,2 : 1,-94.69932645,41.02903567
48383,"Reagan County, TX",0,3,"$100,500",0.21,25,0,1 : 1,-101.5232659,31.36607041
20049,"Elk County, KS",0,0,Insf. Data,Insf. Data,24,0,0,-96.24370891,37.45338324
2164,"Lake and Peninsula Borough, AK",0,1,"$55,224",0.15,24,0,2 : 1,-156.1888735,58.63664843
30019,"Daniels County, MT",0,2,Insf. Data,0.23,23,0,1 : 1,-105.5486488,48.78377804
46043,"Douglas County, SD",0,7,"$50,500",0.55,23,1,1 : 1,-98.36606932,43.38705519
48271,"Kinney County, TX",0,3,Insf. Data,0.50,23,0,1 : 1,-100.4179055,29.35014052
13125,"Glascock County, GA",0,0,Insf. Data,Insf. Data,22,0,0,-82.61046209,33.22935427
21189,"Owsley County, KY",0,0,Insf. Data,Insf. Data,22,0,0,-83.68320054,37.41974744
46007,"Bennett County, SD",0,2,Insf. Data,0.32,22,0,1 : 1,-101.6641253,43.19506714
8111,"San Juan County, CO",0,0,Insf. Data,Insf. Data,22,0,0,-107.6759098,37.7637698
31063,"Frontier County, NE",0,0,Insf. Data,Insf. Data,21,0,0,-100.3936643,40.53024724
31069,"Garden County, NE",0,2,Insf. Data,0.19,21,0,1 : 1,-102.3353283,41.61911486
31163,"Sherman County, NE",0,0,Insf. Data,Insf. Data,21,0,0,-98.97588642,41.22045983
48275,"Knox County, TX",0,1,"$115,500",0.09,20,0,5 : 1,-99.74139253,33.60611596
49009,"Daggett County, UT",0,1,Insf. Data,0.55,20,0,1 : 1,-109.5076481,40.88725861
56027,"Niobrara County, WY",0,2,"$52,146",0.16,18,0,1 : 1,-104.4755961,43.05616954
46089,"McPherson County, SD",0,2,Insf. Data,0.22,17,0,1 : 1,-99.221197,45.7662597
20033,"Comanche County, KS",0,1,Insf. Data,0.20,16,0,1 : 1,-99.27105698,37.19121917
20179,"Sheridan County, KS",0,5,Insf. Data,0.44,16,0,2 : 1,-100.4418259,39.35018161
22107,"Tensas Parish, LA",0,7,"$85,500",0.73,16,1,1 : 1,-91.34006167,32.00026867
46055,"Haakon County, SD",0,3,"$39,424",0.47,16,0,1 : 1,-101.5397482,44.29463659
48137,"Edwards County, TX",0,1,"$115,500",0.19,16,0,2 : 1,-100.3050897,29.98273014
8053,"Hinsdale County, CO",0,0,Insf. Data,Insf. Data,15,0,0,-107.3003579,37.82131615
8079,"Mineral County, CO",0,0,Insf. Data,Insf. Data,15,0,0,-106.9241901,37.66954135
30055,"McCone County, MT",0,1,Insf. Data,0.19,14,0,1 : 1,-105.7952945,47.64515532
31049,"Deuel County, NE",0,1,Insf. Data,0.08,14,0,1 : 1,-102.3338627,41.111546
48087,"Collingsworth County, TX",0,0,Insf. Data,Insf. Data,14,0,0,-100.2700105,34.96489439
31077,"Greeley County, NE",0,3,Insf. Data,0.51,13,0,1 : 1,-98.52144222,41.56747021
38023,"Divide County, ND",0,1,"$105,500",0.14,13,0,1 : 1,-103.4871163,48.81486205
8061,"Kiowa County, CO",0,3,"$100,096",0.68,13,0,1 : 1,-102.7389041,38.43263854
20101,"Lane County, KS",0,0,Insf. Data,Insf. Data,12,0,0,-100.4660754,38.48119447
46049,"Faulk County, SD",0,7,"$74,880",0.98,12,1,1 : 1,-99.14535601,45.07082625
46119,"Sully County, SD",0,2,"$58,261",0.31,11,0,2 : 1,-100.131855,44.71542851
48443,"Terrell County, TX",0,1,"$56,160",0.62,11,0,1 : 1,-102.0764353,30.22490816
48421,"Sherman County, TX",0,2,"$62,400",0.17,10,0,2 : 1,-101.8933684,36.27765456
20071,"Greeley County, KS",0,5,"$33,280",0.90,9,0,3 : 1,-101.8060294,38.48078179
30037,"Golden Valley County, MT",0,0,Insf. Data,Insf. Data,9,0,0,-109.1749672,46.38114583
31075,"Grant County, NE",0,0,Insf. Data,Insf. Data,9,0,0,-101.740701,41.91528587
48155,"Foard County, TX",0,0,Insf. Data,Insf. Data,9,0,0,-99.77794293,33.97478308
21201,"Robertson County, KY",0,0,Insf. Data,Insf. Data,8,0,0,-84.0518799,38.51778393
31091,"Hooker County, NE",0,0,Insf. Data,Insf. Data,8,0,0,-101.1354293,41.91586243
48045,"Briscoe County, TX",0,0,Insf. Data,Insf. Data,8,0,0,-101.2084947,34.53026962
49031,"Piute County, UT",0,2,Insf. Data,0.60,8,0,1 : 1,-112.1276059,38.336223
30011,"Carter County, MT",0,0,Insf. Data,Insf. Data,7,0,0,-104.5359622,45.51700775
31009,"Blaine County, NE",0,0,Insf. Data,Insf. Data,7,0,0,-99.97677845,41.91311716
31171,"Thomas County, NE",0,4,"$73,770",0.51,7,0,3 : 1,-100.5556632,41.91358968
30109,"Wibaux County, MT",0,0,Insf. Data,Insf. Data,5,0,0,-104.2490289,46.96556514
48345,"Motley County, TX",0,0,Insf. Data,Insf. Data,5,0,0,-100.779722,34.07408766
31007,"Banner County, NE",0,0,Insf. Data,Insf. Data,4,0,0,-103.7109624,41.54616353
46137,"Ziebach County, SD",0,1,"$51,268",0.83,4,0,1 : 1,-101.6659766,44.98058236
13101,"Echols County, GA",0,0,Insf. Data,Insf. Data,3,0,0,-82.89413878,30.70991003
31183,"Wheeler County, NE",0,0,Insf. Data,Insf. Data,3,0,0,-98.52795068,41.91485543
38087,"Slope County, ND",0,0,Insf. Data,Insf. Data,3,0,0,-103.4602876,46.4473194
48033,"Borden County, TX",0,0,Insf. Data,Insf. Data,3,0,0,-101.4316509,32.74363984
30069,"Petroleum County, MT",0,0,Insf. Data,Insf. Data,2,0,0,-108.2504732,47.11768458
31085,"Hayes County, NE",0,1,Insf. Data,1.24,2,0,2 : 1,-101.0616334,40.52447865
31117,"McPherson County, NE",0,0,Insf. Data,Insf. Data,2,0,0,-101.0603939,41.56796544
28055,"Issaquena County, MS",0,0,Insf. Data,Insf. Data,1,0,0,-90.98899611,32.74139849
31115,"Loup County, NE",0,0,Insf. Data,Insf. Data,1,0,0,-99.45440415,41.91371961
48269,"King County, TX",0,0,Insf. Data,Insf. Data,0,0,0,-100.2558057,33.61643847
